Workbook
Name PESO_EXAMEN: Configuración!$C$26
Name PESO_PRACTICA: Configuración!$C$27

Sheet Inicio
B2: EvalFP — Cuaderno del Profesor
B3: Motor de Evaluación Relacional para Formación Profesional · v2.0
B5: 🏠 Inicio | C5: =HYPERLINK("#Configuración!A1","⚙️ Config") -> ⚙️ Config | D5: =HYPERLINK("#Mis Módulos!A1","📚 Módulos") -> 📚 Módulos | E5: =HYPERLINK("#Biblioteca!A1","📖 Biblioteca") -> 📖 Biblioteca | F5: =HYPERLINK("#Calendario!A1","📅 Calendario") -> 📅 Calendario | G5: =HYPERLINK("#Hoy!A1","☀️ Hoy") -> ☀️ Hoy | H5: =HYPERLINK("#Dashboard Global!A1","📊 Dashboard+") -> 📊 Dashboard+
B8: 📌 Información del Módulo
B9: Módulo | C9: Implantación de Sistemas Operativos (ISO)
B10: Código | C10: 0369
B11: Ciclo | C11: Administración de Sistemas Informáticos en Red (ASIR)
B12: Curso | C12: 1º ASIR
B13: Año académico | C13: 2026-2027
B14: Horas semanales | C14: 6 h/sem
B15: Total horas | C15: 186 h
B16: Evaluaciones | C16: 3 evaluaciones
B18: 📊 Ponderación de Resultados de Aprendizaje
B19: RA | C19: Resultado de Aprendizaje | D19: Pond. % | E19: Horas equiv. | F19: CEs
B20: RA1 | C20: Instala sistemas operativos, relacionando sus características con el hardware de | D20: 13% | E20: 24.0 h | F20: 8
B21: RA2 | C21: Gestiona el software de base, aplicando criterios de explotación del sistema. | D21: 19% | E21: 35.3 h | F21: 19
B22: RA3 | C22: Asegura y recupera el sistema, aplicando procedimientos de administración de la | D22: 9% | E22: 16.0 h | F22: 8
B23: RA4 | C23: Gestiona dominios, elaborando el modelo lógico de la red en un entorno de trabaj | D23: 16% | E23: 30.0 h | F23: 8
B24: RA5 | C24: Administra el acceso al dominio, gestionando servidores de directorio y verifica | D24: 13% | E24: 24.1 h | F24: 8
B25: RA6 | C25: Supervisa el rendimiento del sistema, diagnosticando las causas de pérdidas de r | D25: 12% | E25: 22.0 h | F25: 10
B26: RA7 | C26: Aplica directivas de seguridad y gestiona auditorías, interpretando y aplicando | D26: 13% | E26: 24.6 h | F26: 9
B27: RA8 | C27: Establece la conexión en red de los sistemas informáticos, configurando disposit | D27: 5% | E27: 10.0 h | F27: 9
B29: 📅 Unidades de Trabajo por Evaluación
B30: UT | C30: Título | D30: Horas | E30: % Total | F30: Evaluación
B31: UT1 | C31: Instalación de software libre y propietario | D31: 30h | E31: 16.1% | F31: Evaluación 1
B32: UT2 | C32: Administración de software base | D32: 25h | E32: 13.4% | F32: Evaluación 1
B33: UT3 | C33: Administración y aseguramiento de la información | D33: 22h | E33: 11.8% | F33: Evaluación 2
B34: UT4 | C34: Gestión de dominios | D34: 30h | E34: 16.1% | F34: Evaluación 2
B35: UT5 | C35: Administración de acceso al dominio | D35: 25h | E35: 13.4% | F35: Evaluación 2
B36: UT6 | C36: Supervisión del rendimiento del sistema | D36: 22h | E36: 11.8% | F36: Evaluación 3
B37: UT7 | C37: Directivas de seguridad y auditorías | D37: 22h | E37: 11.8% | F37: Evaluación 3
B38: UT8 | C38: Resolución de incidencias y asistencia técnica | D38: 10h | E38: 5.4% | F38: Evaluación 3
B39: TOTAL | D39: 186h | E39: 100%

Sheet Mis Módulos
B2: 📚 Mis Módulos — Carga Docente
B3: Módulos y grupos gestionados en este cuaderno · EvalFP 2.0
B5: =HYPERLINK("#Inicio!A1","🏠 Inicio") -> 🏠 Inicio | C5: =HYPERLINK("#Configuración!A1","⚙️ Config") -> ⚙️ Config | D5: 📚 Módulos | E5: =HYPERLINK("#Biblioteca!A1","📖 Biblioteca") -> 📖 Biblioteca | F5: =HYPERLINK("#Calendario!A1","📅 Calendario") -> 📅 Calendario | G5: =HYPERLINK("#Hoy!A1","☀️ Hoy") -> ☀️ Hoy | H5: =HYPERLINK("#Dashboard Global!A1","📊 Dashboard+") -> 📊 Dashboard+
B8: MÓDULOS ACTIVOS — haz clic en el nombre para ir al módulo
B9: Abrev. | C9: Módulo | D9: Grupo | E9: Horas | F9: RAs | G9: Evals | H9: Ir al Inicio | I9: Ir al Dashboard
B10: ISO | C10: Implantación de Sistemas Operativos | D10: 1º ASIR-A | E10: 186 h | F10: 8 | G10: 3 | H10: =HYPERLINK("#ISO · Programación!A1","→ Programación") -> → Programación | I10: =HYPERLINK("#ISO · Dashboard!A1","→ Dashboard") -> → Dashboard
B11: PAR | C11: Planificación y Administración de Redes | D11: 1º ASIR-A | E11: 155 h | F11: 6 | G11: 3 | H11: =HYPERLINK("#PAR · Programación!A1","→ Programación") -> → Programación | I11: =HYPERLINK("#PAR · Dashboard!A1","→ Dashboard") -> → Dashboard
B13: ★ Para añadir un módulo, edita TEACHER_MODULES en scripts/teacher_config.py y regenera el libro.

Sheet Configuración
B2: ⚙️ Configuración
B3: Ajustes del curso, motor de evaluación y preferencias del sistema
B5: =HYPERLINK("#Inicio!A1","🏠 Inicio") -> 🏠 Inicio | C5: ⚙️ Config | D5: =HYPERLINK("#Mis Módulos!A1","📚 Módulos") -> 📚 Módulos | E5: =HYPERLINK("#Biblioteca!A1","📖 Biblioteca") -> 📖 Biblioteca | F5: =HYPERLINK("#Calendario!A1","📅 Calendario") -> 📅 Calendario | G5: =HYPERLINK("#Hoy!A1","☀️ Hoy") -> ☀️ Hoy | H5: =HYPERLINK("#Dashboard Global!A1","📊 Dashboard+") -> 📊 Dashboard+
B8: 📚 BLOQUE 1 — Datos del Curso
B9: Nombre del módulo | C9: Implantación de Sistemas Operativos | D9: ✏️ editable
B10: Código módulo | C10: 0369 | D10: ✏️ editable
B11: Ciclo formativo | C11: Administración de Sistemas Informáticos en Red (ASIR) | D11: ✏️ editable
B12: Curso | C12: 1º ASIR | D12: ✏️ editable
B13: Año académico | C13: 2026-2027 | D13: ✏️ editable
B14: Nombre del profesor/a | D14: ✏️ editable
B15: Grupo/s | D15: ✏️ editable
B16: Centro educativo | D16: ✏️ editable
B18: ⚙️ BLOQUE 2 — Motor de Evaluación
B19: N.º de evaluaciones | C19: 3
B20: Nota mínima aprobado | C20: 5 | D20: ✏️ editable
B21: Nota máxima | C21: 10
B22: Redondeo | C22: 0.00 decimales | D22: ✏️ editable
B23: Peso Eval 1 (RA1 13% + RA2 19%) | C23: 32%
B24: Peso Eval 2 (RA3 9% + RA4 16% + RA5 13%) | C24: 38%
B25: Peso Eval 3 (RA6 12% + RA7 13% + RA8 5%) | C25: 30%
B26: Peso examen (teoría) | C26: 0.75
B27: Peso prácticas (actividades) | C27: 0.25
B28: ⚠️ Los dos valores deben sumar 100%. Si los cambias, las notas de Reg. Notas se recalculan automáticamente.
B29: Recuperación | C29: Sí — convocatoria extraordinaria | D29: ✏️ editable
B31: ⚠️ PRÁCTICAS EN EMPRESA (2ª EVALUACIÓN): El alumnado realiza 18h de prácticas en empresa durante la 2ª evaluación (3 semanas × 6h/sem). Estas horas afectan únicamente a la temporalización — hay menos tiempo para impartir UT3, UT4 y UT5 — pero NO modifican las ponderaciones curriculares de los RAs.
B33: 🖨️ BLOQUE 3 — Preferencias del Sistema
B34: Formato boletines | C34: PDF · 1 por alumno/a | D34: ✏️ editable
B35: Ruta exportación PDF | D35: ✏️ editable
B36: Email destino | D36: ✏️ editable
B37: Logo del centro | C37: (no configurado) | D37: ✏️ editable

Sheet Biblioteca
B2: 📖 Biblioteca de Recursos
B3: Actividades · Exámenes · Rúbricas — compartidos entre módulos
B5: =HYPERLINK("#Inicio!A1","🏠 Inicio") -> 🏠 Inicio | C5: =HYPERLINK("#Configuración!A1","⚙️ Config") -> ⚙️ Config | D5: =HYPERLINK("#Mis Módulos!A1","📚 Módulos") -> 📚 Módulos | E5: 📖 Biblioteca | F5: =HYPERLINK("#Calendario!A1","📅 Calendario") -> 📅 Calendario | G5: =HYPERLINK("#Hoy!A1","☀️ Hoy") -> ☀️ Hoy | H5: =HYPERLINK("#Dashboard Global!A1","📊 Dashboard+") -> 📊 Dashboard+
B8: ACTIVIDADES PRÁCTICAS — índice de todos los módulos
B9: ID | C9: Módulo | D9: RA | E9: Descripción | F9: Instrumento | G9: Tags | H9: Eval | I9: Peso | J9: 📖 Apuntes
B10: A001 | C10: ISO | D10: RA1 | E10: Instalación de software libre y propietario — práctica RA1 | F10: 🔧 Práctica | G10: Linux · Windows Server · Virtualización | H10: EV1 | I10: 100% | J10: =HYPERLINK("../apuntes/04-FP/ISO/1-asir/instalacion-de-software-libre-y-propietario/index.html","📖 Ver apunte") -> 📖 Ver apunte
B11: A002 | C11: ISO | D11: RA2 | E11: Instalación de software libre y propietario — práctica RA2 | F11: 🔧 Práctica | G11: Linux · Windows Server · Virtualización | H11: EV1 | I11: 100% | J11: =HYPERLINK("../apuntes/04-FP/ISO/1-asir/instalacion-de-software-libre-y-propietario/index.html","📖 Ver apunte") -> 📖 Ver apunte
B12: A003 | C12: ISO | D12: RA2 | E12: Administración de software base — práctica RA2 | F12: 🔧 Práctica | G12: Usuarios · Red TCP/IP · Registro Windows | H12: EV1 | I12: 100% | J12: =HYPERLINK("../apuntes/04-FP/ISO/1-asir/administracion-de-software-base/index.html","📖 Ver apunte") -> 📖 Ver apunte
B13: A004 | C13: ISO | D13: RA3 | E13: Administración y aseguramiento de la información — práctica RA3 | F13: 🔧 Práctica | G13: Permisos · Backups · RAID | H13: EV2 | I13: 100% | J13: =HYPERLINK("../apuntes/04-FP/ISO/1-asir/administracion-y-aseguramiento-de-la-informacion/index.html","📖 Ver apunte") -> 📖 Ver apunte
B14: A005 | C14: ISO | D14: RA4 | E14: Gestión de dominios — práctica RA4 | F14: 🔧 Práctica | G14: Active Directory · GPO · Perfiles | H14: EV2 | I14: 100% | J14: =HYPERLINK("../apuntes/04-FP/ISO/1-asir/gestion-de-dominios/index.html","📖 Ver apunte") -> 📖 Ver apunte
B15: A006 | C15: ISO | D15: RA5 | E15: Administración de acceso al dominio — práctica RA5 | F15: 🔧 Práctica | G15: Samba · NFS · NTFS / ACLs POSIX | H15: EV2 | I15: 100% | J15: =HYPERLINK("../apuntes/04-FP/ISO/1-asir/administracion-de-acceso-al-dominio/index.html","📖 Ver apunte") -> 📖 Ver apunte
B16: A007 | C16: ISO | D16: RA6 | E16: Supervisión del rendimiento del sistema — práctica RA6 | F16: 🔧 Práctica | G16: top/htop · Perfmon · journalctl | H16: EV3 | I16: 100% | J16: =HYPERLINK("../apuntes/04-FP/ISO/1-asir/supervision-del-rendimiento-del-sistema/index.html","📖 Ver apunte") -> 📖 Ver apunte
B17: A008 | C17: ISO | D17: RA7 | E17: Directivas de seguridad y auditorías — práctica RA7 | F17: 🔧 Práctica | G17: secpol.msc · auditd · fail2ban | H17: EV3 | I17: 100% | J17: =HYPERLINK("../apuntes/04-FP/ISO/1-asir/directivas-de-seguridad-y-auditorias/index.html","📖 Ver apunte") -> 📖 Ver apunte
B18: A009 | C18: ISO | D18: RA8 | E18: Resolución de incidencias y asistencia técnica — práctica RA8 | F18: 🔧 Práctica | G18: WDS/MDT · VPN WireGuard · ITIL | H18: EV3 | I18: 100% | J18: =HYPERLINK("../apuntes/04-FP/ISO/1-asir/resolucion-de-incidencias-y-asistencia-tecnica/index.html","📖 Ver apunte") -> 📖 Ver apunte
B19: EX1 | C19: ISO | D19: RA1, RA2 | E19: Examen Evaluación 1 | F19: 📝 Examen | G19: examen · prueba escrita | H19: EV1 | I19: variable
B20: EX2 | C20: ISO | D20: RA3, RA4, RA5 | E20: Examen Evaluación 2 | F20: 📝 Examen | G20: examen · prueba escrita | H20: EV2 | I20: variable
B21: EX3 | C21: ISO | D21: RA6, RA7, RA8 | E21: Examen Evaluación 3 | F21: 📝 Examen | G21: examen · prueba escrita | H21: EV3 | I21: variable
B22: A001 | C22: PAR | D22: RA1 | E22: Introducción a las redes locales — práctica RA1 | F22: 🔧 Práctica | G22: OSI · TCP/IP · Ethernet | H22: EV1 | I22: 100% | J22: =HYPERLINK("../apuntes/04-FP/PAR/1-asir/introduccion-a-las-redes-locales/index.html","📖 Ver apunte") -> 📖 Ver apunte
B23: A002 | C23: PAR | D23: RA2 | E23: Dispositivos de red y medios de transmisión — práctica RA2 | F23: 🔧 Práctica | G23: Switch · Router · Cableado estructurado | H23: EV1 | I23: 100% | J23: =HYPERLINK("../apuntes/04-FP/PAR/1-asir/dispositivos-de-red-y-medios-de-transmision/index.html","📖 Ver apunte") -> 📖 Ver apunte
B24: A003 | C24: PAR | D24: RA1 | E24: Dispositivos de red y medios de transmisión — práctica RA1 | F24: 🔧 Práctica | G24: Switch · Router · Cableado estructurado | H24: EV1 | I24: 100% | J24: =HYPERLINK("../apuntes/04-FP/PAR/1-asir/dispositivos-de-red-y-medios-de-transmision/index.html","📖 Ver apunte") -> 📖 Ver apunte
B25: A004 | C25: PAR | D25: RA3 | E25: Configuración y administración de conmutadores — práctica RA3 | F25: 🔧 Práctica | G25: VLANs · STP · Port-security | H25: EV2 | I25: 100% | J25: =HYPERLINK("../apuntes/04-FP/PAR/1-asir/configuracion-y-administracion-de-conmutadores/index.html","📖 Ver apunte") -> 📖 Ver apunte
B26: A005 | C26: PAR | D26: RA4 | E26: Configuración y administración de routers — práctica RA4 | F26: 🔧 Práctica | G26: OSPF · RIP · NAT · ACLs | H26: EV2 | I26: 100% | J26: =HYPERLINK("../apuntes/04-FP/PAR/1-asir/configuracion-y-administracion-de-routers/index.html","📖 Ver apunte") -> 📖 Ver apunte
B27: A006 | C27: PAR | D27: RA5 | E27: Configuración de redes inalámbricas — práctica RA5 | F27: 🔧 Práctica | G27: WiFi 6 · WPA3 · RADIUS | H27: EV2 | I27: 100% | J27: =HYPERLINK("../apuntes/04-FP/PAR/1-asir/configuracion-de-redes-inalambricas/index.html","📖 Ver apunte") -> 📖 Ver apunte
B28: A007 | C28: PAR | D28: RA4 | E28: Configuración de redes inalámbricas — práctica RA4 | F28: 🔧 Práctica | G28: WiFi 6 · WPA3 · RADIUS | H28: EV2 | I28: 100% | J28: =HYPERLINK("../apuntes/04-FP/PAR/1-asir/configuracion-de-redes-inalambricas/index.html","📖 Ver apunte") -> 📖 Ver apunte
B29: A008 | C29: PAR | D29: RA6 | E29: Resolución de incidencias de red — práctica RA6 | F29: 🔧 Práctica | G29: Wireshark · ping · traceroute · SNMP | H29: EV3 | I29: 100% | J29: =HYPERLINK("../apuntes/04-FP/PAR/1-asir/resolucion-de-incidencias-de-red/index.html","📖 Ver apunte") -> 📖 Ver apunte
B30: EX1 | C30: PAR | D30: RA1, RA2 | E30: Examen Evaluación 1 | F30: 📝 Examen | G30: examen · prueba escrita | H30: EV1 | I30: variable
B31: EX2 | C31: PAR | D31: RA3, RA4, RA5 | E31: Examen Evaluación 2 | F31: 📝 Examen | G31: examen · prueba escrita | H31: EV2 | I31: variable
B32: EX3 | C32: PAR | D32: RA6 | E32: Examen Evaluación 3 | F32: 📝 Examen | G32: examen · prueba escrita | H32: EV3 | I32: variable
B34: INSTRUCCIONES DE USO
B35: • CU13 Buscar actividad: usa Ctrl+F en Excel para buscar por módulo, RA o tag.
B36: • CU12 Duplicar actividad: copia la fila y pégala en la hoja Actividades del módulo destino.
B37: • CU14 Crear rúbrica: ve a la hoja '{ABREV} · Rúbricas' del módulo correspondiente.
B38: • CU05 Crear actividad: añade una fila en esta tabla y en la hoja Actividades del módulo.
B39: • 📖 Apuntes: haz clic en 'Ver apunte' para abrir el HTML de la UT en el navegador.
B40: • Para añadir un nuevo módulo edita teacher_config.py y regenera el libro.

Sheet Calendario
B2: 📅 Calendario Académico
B3: Exámenes · Entregas · Recuperaciones — Curso 2026-2027
B5: =HYPERLINK("#Inicio!A1","🏠 Inicio") -> 🏠 Inicio | C5: =HYPERLINK("#Configuración!A1","⚙️ Config") -> ⚙️ Config | D5: =HYPERLINK("#Mis Módulos!A1","📚 Módulos") -> 📚 Módulos | E5: =HYPERLINK("#Biblioteca!A1","📖 Biblioteca") -> 📖 Biblioteca | F5: 📅 Calendario | G5: =HYPERLINK("#Hoy!A1","☀️ Hoy") -> ☀️ Hoy | H5: =HYPERLINK("#Dashboard Global!A1","📊 Dashboard+") -> 📊 Dashboard+
B8: CALENDARIO DE EVENTOS ACADÉMICOS — introduce las fechas manualmente
B9: Módulo | C9: Fecha inicio | D9: Fecha fin | E9: Evaluación | F9: Descripción | G9: Grupo | H9: Tipo | I9: Estado
B70: ★ Introduce los eventos del curso: exámenes, entregas de proyectos y recuperaciones. Usa Ctrl+F para buscar por módulo o grupo.

Sheet Hoy
B2: ☀️ Panel Diario — Hoy
B3: Pendientes · Próximos exámenes · Alumnos en riesgo · Tutorías
B5: =HYPERLINK("#Inicio!A1","🏠 Inicio") -> 🏠 Inicio | C5: =HYPERLINK("#Configuración!A1","⚙️ Config") -> ⚙️ Config | D5: =HYPERLINK("#Mis Módulos!A1","📚 Módulos") -> 📚 Módulos | E5: =HYPERLINK("#Biblioteca!A1","📖 Biblioteca") -> 📖 Biblioteca | F5: =HYPERLINK("#Calendario!A1","📅 Calendario") -> 📅 Calendario | G5: ☀️ Hoy | H5: =HYPERLINK("#Dashboard Global!A1","📊 Dashboard+") -> 📊 Dashboard+
B8: =TEXT(TODAY(),"DDDD, D DE MMMM DE YYYY") -> #VALUE! | E8: Curso académico 2026-2027
B10: MIS MÓDULOS HOY
B11: Módulo | C11: Nombre completo | D11: Grupo | E11: Horas/sem | F11: Próx. examen | G11: Estado eval
B12: =HYPERLINK("#ISO · Dashboard!A1","ISO") -> ISO | C12: Implantación de Sistemas Operativos | D12: 1º ASIR-A | E12: 6 h/sem | F12: → ver Calendario | G12: En curso
B13: =HYPERLINK("#PAR · Dashboard!A1","PAR") -> PAR | C13: Planificación y Administración de Redes | D13: 1º ASIR-A | E13: 5 h/sem | F13: → ver Calendario | G13: En curso
B15: ⚠️ ALUMNOS EN RIESGO — KPIs por módulo (desde Dashboard)
B16: Módulo | C16: Grupo | D16: Activos | E16: Aptos | F16: No Aptos | G16: En Riesgo (<4)
B17: ISO | C17: 1º ASIR-A | D17: =IFERROR(COUNTA('ISO · Alumnos'!C10:C39),"") -> 0 | E17: =IFERROR('ISO · Dashboard'!E10,"–") -> 0 | F17: =IFERROR('ISO · Dashboard'!G10,"–") -> 0 | G17: =IFERROR('ISO · Dashboard'!I10,"–") -> 0
B18: PAR | C18: 1º ASIR-A | D18: =IFERROR(COUNTA('PAR · Alumnos'!C10:C39),"") -> 0 | E18: =IFERROR('PAR · Dashboard'!E10,"–") -> 0 | F18: =IFERROR('PAR · Dashboard'!G10,"–") -> 0 | G18: =IFERROR('PAR · Dashboard'!I10,"–") -> 0
B20: 📝 NOTAS RÁPIDAS DEL DÍA — borra y reescribe cada jornada
B29: ★ El bloque 'En Riesgo' lee los KPIs directamente desde el Dashboard de cada módulo.

Sheet Dashboard Global
B2: 📊 Dashboard Global — Curso Completo
B3: Estadísticas consolidadas por módulo y grupo · Curso 2026-2027
B5: =HYPERLINK("#Inicio!A1","🏠 Inicio") -> 🏠 Inicio | C5: =HYPERLINK("#Configuración!A1","⚙️ Config") -> ⚙️ Config | D5: =HYPERLINK("#Mis Módulos!A1","📚 Módulos") -> 📚 Módulos | E5: =HYPERLINK("#Biblioteca!A1","📖 Biblioteca") -> 📖 Biblioteca | F5: =HYPERLINK("#Calendario!A1","📅 Calendario") -> 📅 Calendario | G5: =HYPERLINK("#Hoy!A1","☀️ Hoy") -> ☀️ Hoy | H5: 📊 Dashboard+
B8: RESUMEN POR MÓDULO — datos en tiempo real desde cada Dashboard
B9: Módulo | C9: Nombre | D9: Activos | E9: ✅ Aptos | F9: ❌ No Aptos | G9: ⚠️ En Riesgo | H9: Media grupo | I9: % Aprobados
B10: =HYPERLINK("#ISO · Dashboard!A1","ISO") -> ISO | C10: Implantación de Sistemas Operativos | D10: =IFERROR(COUNTA('ISO · Alumnos'!C10:C39),"") -> 0 | E10: =IFERROR(COUNTIF('ISO · 1ªORD'!M11:M40,"APTO"),"") -> 0 | F10: =IFERROR(COUNTIF('ISO · 1ªORD'!M11:M40,"NO APTO"),"") -> 0 | G10: =IFERROR(COUNTIFS('ISO · 1ªORD'!L11:L40,">0",'ISO · 1ªORD'!L11:L40,"<4"),"") -> 0 | H10: =IFERROR(ROUND(AVERAGE('ISO · 1ªORD'!L11:L40),2),"") | I10: =IFERROR(TEXT(COUNTIF('ISO · 1ªORD'!M11:M40,"APTO")/COUNTA('ISO · 1ªORD'!M11:M40),"0%"),"") -> 0%
B11: =HYPERLINK("#PAR · Dashboard!A1","PAR") -> PAR | C11: Planificación y Administración de Rede | D11: =IFERROR(COUNTA('PAR · Alumnos'!C10:C39),"") -> 0 | E11: =IFERROR(COUNTIF('PAR · 1ªORD'!K11:K40,"APTO"),"") -> 0 | F11: =IFERROR(COUNTIF('PAR · 1ªORD'!K11:K40,"NO APTO"),"") -> 0 | G11: =IFERROR(COUNTIFS('PAR · 1ªORD'!J11:J40,">0",'PAR · 1ªORD'!J11:J40,"<4"),"") -> 0 | H11: =IFERROR(ROUND(AVERAGE('PAR · 1ªORD'!J11:J40),2),"") | I11: =IFERROR(TEXT(COUNTIF('PAR · 1ªORD'!K11:K40,"APTO")/COUNTA('PAR · 1ªORD'!K11:K40),"0%"),"") -> 0%
B12: TOTAL CURSO | D12: =SUM(D10:D11) -> 0 | E12: =SUM(E10:E11) -> 0 | F12: =SUM(F10:F11) -> 0 | G12: =SUM(G10:G11) -> 0 | H12: =IFERROR(ROUND(AVERAGE(H10:H11),2),"") | I12: =IFERROR(TEXT(E11/D11,"0%"),"")
B14: ACCESOS RÁPIDOS — Dashboards por módulo
B15: ISO — 1º ASIR-A | C15: =HYPERLINK("#ISO · Dashboard!A1","📊 Dashboard ISO") -> 📊 Dashboard ISO | E15: =HYPERLINK("#ISO · Programación!A1","📋 Programación ISO") -> 📋 Programación ISO | G15: =HYPERLINK("#ISO · Informe Grupo!A1","📄 Inf.Grupo ISO") -> 📄 Inf.Grupo ISO
B16: PAR — 1º ASIR-A | C16: =HYPERLINK("#PAR · Dashboard!A1","📊 Dashboard PAR") -> 📊 Dashboard PAR | E16: =HYPERLINK("#PAR · Programación!A1","📋 Programación PAR") -> 📋 Programación PAR | G16: =HYPERLINK("#PAR · Informe Grupo!A1","📄 Inf.Grupo PAR") -> 📄 Inf.Grupo PAR
B18: ★ Todos los indicadores se calculan automáticamente desde las hojas 1ªORD y Alumnos de cada módulo.

Sheet _IA_Config
A1: EvalFP — Asistente IA (Sprint 2.6)
A2: Generación de contenido pedagógico asistido por IA
A3: ────────────────────────────────────────────────────────────
A5: ¿Qué genera? | B5: Descriptores de rúbrica · Propuestas de actividades · Informes individuales
A6: Script | B6: scripts/ai_asistente.py
A7: Dependencia | B7: pip install anthropic (o pip install openai)
A8: API Key (Claude) | B8: Configura la variable de entorno: ANTHROPIC_API_KEY=sk-ant-...
A9: API Key (OpenAI) | B9: Configura la variable de entorno: OPENAI_API_KEY=sk-...
A10: Sin API Key | B10: Funciona en modo DEMO con texto de ejemplo (sin llamada a API)
A12: Comandos de ejemplo
B13: python scripts/ai_asistente.py --ayuda
B14: # Módulo ISO
B15: python scripts/ai_asistente.py rubrica --modulo iso_data --ra RA1
B16: python scripts/ai_asistente.py actividad --modulo iso_data --ra RA2 --n 3
B17: python scripts/ai_asistente.py todo --modulo iso_data --salida ia_output/iso
B18: # Módulo PAR
B19: python scripts/ai_asistente.py rubrica --modulo par_data --ra RA1
B20: python scripts/ai_asistente.py actividad --modulo par_data --ra RA2 --n 3
B21: python scripts/ai_asistente.py todo --modulo par_data --salida ia_output/par
A23: Generación completa
B24: python scripts/build_template.py --ia # genera xlsx + contenido IA
A26: Módulos configurados: ISO, PAR

Sheet ISO · Programación
B2: 📋 Programación Didáctica — ISO 1º ASIR
B3: Distribución de RAs y CEs por Unidad de Trabajo · Implantación de Sistemas Operativos · 2026-2027
B5: =HYPERLINK("#Mis Módulos!A1","← Módulos") -> ← Módulos | C5: 📋 Programa | D5: =HYPERLINK("#ISO · Alumnos!A1","👥 Alumnos") -> 👥 Alumnos | E5: =HYPERLINK("#ISO · Actividades!A1","📝 Actividades") -> 📝 Actividades | F5: =HYPERLINK("#ISO · Reg. Notas!A1","📊 Reg. Notas") -> 📊 Reg. Notas | G5: =HYPERLINK("#ISO · Resumen!A1","📈 Resumen") -> 📈 Resumen | H5: =HYPERLINK("#ISO · Evaluación 1!A1","Eval 1") -> Eval 1 | I5: =HYPERLINK("#ISO · Evaluación 2!A1","Eval 2") -> Eval 2 | J5: =HYPERLINK("#ISO · Evaluación 3!A1","Eval 3") -> Eval 3 | K5: =HYPERLINK("#ISO · 1ªORD!A1","1ª ORD") -> 1ª ORD | L5: =HYPERLINK("#ISO · 2ªORD!A1","2ª ORD") -> 2ª ORD | M5: =HYPERLINK("#ISO · Rúbricas!A1","🎯 Rúbricas") -> 🎯 Rúbricas | N5: =HYPERLINK("#ISO · Informe Grupo!A1","📊 Inf.Grupo") -> 📊 Inf.Grupo | O5: =HYPERLINK("#ISO · Boletín!A1","📄 Boletín") -> 📄 Boletín | P5: =HYPERLINK("#ISO · Dashboard!A1","📊 Dashboard") -> 📊 Dashboard
B8: MAPA DE UNIDADES DE TRABAJO · RESULTADOS DE APRENDIZAJE · CRITERIOS DE EVALUACIÓN
B9: Eval. | C9: UT | D9: Unidad de Trabajo | E9: Horas | F9: % Total | G9: RA | H9: Criterios de Evaluación (CEs) | I9: N.º CEs | J9: % RA en UT | K9: Horas RA en UT | L9: % Pond. Global RA | M9: Instrumento(s) | N9: 📖 Apuntes
B10: EV1 | C10: UT1 | D10: Instalación de software libre y propietario | E10: 30 | F10: 16.1% | G10: RA1 | H10: CR1 CR2 CR3 CR4 CR5 CR6 CR7 CR8 | I10: 8 | J10: 80.0% | K10: 24 | L10: 13% | M10: 📝 Examen · 🔧 Práctica | N10: =HYPERLINK("../apuntes/04-FP/ISO/1-asir/instalacion-de-software-libre-y-propietario/index.html","📖 Ver apunte") -> 📖 Ver apunte
G11: RA2 | H11: CR7 CR8 | I11: 2 | J11: 20.0% | K11: 6 | L11: 19% | M11: 📝 Examen · 🔧 Práctica
B13: EV1 | C13: UT2 | D13: Administración de software base | E13: 25 | F13: 13.4% | G13: RA2 | H13: CR1 CR2 CR3 CR4 CR5 CR6 CR10 CR11 CR12 CR13 CR14 CR16 CR17 CR19 | I13: 14 | J13: 93.3% | K13: 23.3 | L13: 19% | M13: 📝 Examen · 🔧 Práctica | N13: =HYPERLINK("../apuntes/04-FP/ISO/1-asir/administracion-de-software-base/index.html","📖 Ver apunte") -> 📖 Ver apunte
G14: RA7 | H14: CR1 | I14: 1 | J14: 6.7% | K14: 1.7 | L14: 13% | M14: 📝 Examen · 🔧 Práctica
B16: EV2 | C16: UT3 | D16: Administración y aseguramiento de la información | E16: 22 | F16: 11.8% | G16: RA3 | H16: CR1 CR2 CR3 CR4 CR5 CR6 CR7 CR8 | I16: 8 | J16: 72.7% | K16: 16 | L16: 9% | M16: 📝 Examen · 🔧 Práctica | N16: =HYPERLINK("../apuntes/04-FP/ISO/1-asir/administracion-y-aseguramiento-de-la-informacion/index.html","📖 Ver apunte") -> 📖 Ver apunte
G17: RA2 | H17: CR9 CR15 CR18 | I17: 3 | J17: 27.3% | K17: 6 | L17: 19% | M17: 📝 Examen · 🔧 Práctica
B19: EV2 | C19: UT4 | D19: Gestión de dominios | E19: 30 | F19: 16.1% | G19: RA4 | H19: CR1 CR2 CR3 CR4 CR5 CR6 CR7 CR8 | I19: 8 | J19: 100.0% | K19: 30 | L19: 16% | M19: 📝 Examen · 🔧 Práctica | N19: =HYPERLINK("../apuntes/04-FP/ISO/1-asir/gestion-de-dominios/index.html","📖 Ver apunte") -> 📖 Ver apunte
B21: EV2 | C21: UT5 | D21: Administración de acceso al dominio | E21: 25 | F21: 13.4% | G21: RA5 | H21: CR1 CR2 CR3 CR4 CR5 CR6 CR7 | I21: 7 | J21: 87.5% | K21: 21.9 | L21: 13% | M21: 📝 Examen · 🔧 Práctica | N21: =HYPERLINK("../apuntes/04-FP/ISO/1-asir/administracion-de-acceso-al-dominio/index.html","📖 Ver apunte") -> 📖 Ver apunte
G22: RA7 | H22: CR1 | I22: 1 | J22: 12.5% | K22: 3.1 | L22: 13% | M22: 📝 Examen · 🔧 Práctica
B24: EV3 | C24: UT6 | D24: Supervisión del rendimiento del sistema | E24: 22 | F24: 11.8% | G24: RA6 | H24: CR1 CR2 CR3 CR4 CR5 CR6 CR7 CR8 CR9 CR10 | I24: 10 | J24: 100.0% | K24: 22 | L24: 12% | M24: 📝 Examen · 🔧 Práctica | N24: =HYPERLINK("../apuntes/04-FP/ISO/1-asir/supervision-del-rendimiento-del-sistema/index.html","📖 Ver apunte") -> 📖 Ver apunte
B26: EV3 | C26: UT7 | D26: Directivas de seguridad y auditorías | E26: 22 | F26: 11.8% | G26: RA7 | H26: CR1 CR2 CR3 CR4 CR5 CR6 CR7 CR8 CR9 | I26: 9 | J26: 90.0% | K26: 19.8 | L26: 13% | M26: 📝 Examen · 🔧 Práctica | N26: =HYPERLINK("../apuntes/04-FP/ISO/1-asir/directivas-de-seguridad-y-auditorias/index.html","📖 Ver apunte") -> 📖 Ver apunte
G27: RA5 | H27: CR8 | I27: 1 | J27: 10.0% | K27: 2.2 | L27: 13% | M27: 📝 Examen · 🔧 Práctica
B29: EV3 | C29: UT8 | D29: Resolución de incidencias y asistencia técnica | E29: 10 | F29: 5.4% | G29: 🏢 RA8 | H29: CR1 CR2 CR3 CR4 CR5 CR6 CR7 CR8 CR9 | I29: 9 | J29: 100.0% | K29: 10 | L29: 5% | M29: 🏢 Empresa | N29: =HYPERLINK("../apuntes/04-FP/ISO/1-asir/resolucion-de-incidencias-y-asistencia-tecnica/index.html","📖 Ver apunte") -> 📖 Ver apunte
B32: RESUMEN DE RESULTADOS DE APRENDIZAJE — PONDERACIÓN TOTAL DEL MÓDULO
B33: Eval. | C33: RA | D33: Resultado de Aprendizaje | E33: Total CEs | F33: Horas equiv. | G33: Ponderación % | H33: Instrumento(s)
B34: EV1 | C34: RA1 | D34: Instala sistemas operativos, relacionando sus características con el hardware del equipo y el software de aplicación. | E34: 8 | F34: 24.0 h | G34: 13% | H34: 📝 Examen · 🔧 Práctica
B35: EV1 | C35: RA2 | D35: Gestiona el software de base, aplicando criterios de explotación del sistema. | E35: 19 | F35: 35.3 h | G35: 19% | H35: 📝 Examen · 🔧 Práctica
B36: EV2 | C36: RA3 | D36: Asegura y recupera el sistema, aplicando procedimientos de administración de la información. | E36: 8 | F36: 16.0 h | G36: 9% | H36: 📝 Examen · 🔧 Práctica
B37: EV2 | C37: RA4 | D37: Gestiona dominios, elaborando el modelo lógico de la red en un entorno de trabajo. | E37: 8 | F37: 30.0 h | G37: 16% | H37: 📝 Examen · 🔧 Práctica
B38: EV2 | C38: RA5 | D38: Administra el acceso al dominio, gestionando servidores de directorio y verificando el acceso de los usuarios. | E38: 8 | F38: 24.1 h | G38: 13% | H38: 📝 Examen · 🔧 Práctica
B39: EV3 | C39: RA6 | D39: Supervisa el rendimiento del sistema, diagnosticando las causas de pérdidas de rendimiento. | E39: 10 | F39: 22.0 h | G39: 12% | H39: 📝 Examen · 🔧 Práctica
B40: EV3 | C40: RA7 | D40: Aplica directivas de seguridad y gestiona auditorías, interpretando y aplicando la normativa vigente. | E40: 9 | F40: 24.6 h | G40: 13% | H40: 📝 Examen · 🔧 Práctica
B41: EV3 | C41: 🏢 RA8 | D41: Establece la conexión en red de los sistemas informáticos, configurando dispositivos y protocolos. | E41: 9 | F41: 10.0 h | G41: 5% | H41: 🏢 Empresa
B42: TOTAL — 8 Resultados de Aprendizaje | E42: 79 | F42: 186 h | G42: 100%
B44: 🏢 EVALUACIÓN DUAL — Justificación
B45: RA8 — Resolución de incidencias y asistencia técnica — se evalúa en modalidad DUAL de acuerdo con el artículo 42 de la Ley Orgánica 3/2022 de ordenación e integración de la FP, que obliga a dualizar un mínimo del 10% de los Resultados de Aprendizaje. Se ha seleccionado este RA por ser el de mayor aplicabilidad en entorno laboral real (gestión de incidencias ITIL, WDS/MDT, VPN, acceso remoto), el de menor peso ponderado (5% = 0,05 de la nota final) y el que más naturalmente puede ser evaluado por un tutor de empresa sin necesidad de instrumentos técnicos específicos del centro. La calificación la otorga el tutor/a de empresa y se incorpora directamente a la columna RA8 de la hoja 1ªORD. NOTA IMPORTANTE: En el caso de que este RA no llegue a impartirse en el centro educativo por falta de tiempo lectivo, la evaluación recae íntegramente (100%) en el tutor/a de empresa. Esta circunstancia está prevista y amparada por la modalidad dual: el alumno/a adquiere y demuestra los contenidos de este RA exclusivamente en el entorno de trabajo, y la calificación del tutor/a de empresa es la única que computa para este RA. El peso en la nota final del módulo sigue siendo el mismo: 5% (0,05).
B46: Peso del RA dual en la nota final: 5% = 0.05 puntos sobre 1 | Evaluador: Tutor/a de empresa | Base legal: Ley Orgánica 3/2022, art. 42

Sheet ISO · Alumnos
B2: 👥 Lista de Alumnos
B3: Registro de alumnado del grupo — datos académicos y de contacto
B5: =HYPERLINK("#Mis Módulos!A1","← Módulos") -> ← Módulos | C5: =HYPERLINK("#ISO · Programación!A1","📋 Programa") -> 📋 Programa | D5: 👥 Alumnos | E5: =HYPERLINK("#ISO · Actividades!A1","📝 Actividades") -> 📝 Actividades | F5: =HYPERLINK("#ISO · Reg. Notas!A1","📊 Reg. Notas") -> 📊 Reg. Notas | G5: =HYPERLINK("#ISO · Resumen!A1","📈 Resumen") -> 📈 Resumen | H5: =HYPERLINK("#ISO · Evaluación 1!A1","Eval 1") -> Eval 1 | I5: =HYPERLINK("#ISO · Evaluación 2!A1","Eval 2") -> Eval 2 | J5: =HYPERLINK("#ISO · Evaluación 3!A1","Eval 3") -> Eval 3 | K5: =HYPERLINK("#ISO · 1ªORD!A1","1ª ORD") -> 1ª ORD | L5: =HYPERLINK("#ISO · 2ªORD!A1","2ª ORD") -> 2ª ORD | M5: =HYPERLINK("#ISO · Rúbricas!A1","🎯 Rúbricas") -> 🎯 Rúbricas | N5: =HYPERLINK("#ISO · Informe Grupo!A1","📊 Inf.Grupo") -> 📊 Inf.Grupo | O5: =HYPERLINK("#ISO · Boletín!A1","📄 Boletín") -> 📄 Boletín | P5: =HYPERLINK("#ISO · Dashboard!A1","📊 Dashboard") -> 📊 Dashboard
B8: Total activos: | C8: =COUNTIF(J9:J38,"Activo") -> 29 | D8: Bajas: | E8: =COUNTIF(J9:J38,"Baja") -> 0 | F8: Pendientes: | G8: =COUNTIF(J9:J38,"Pendiente") -> 0
B9: Nº | C9: Apellidos | D9: Nombre | E9: NIA / Exp. | F9: Fecha nacim. | G9: Email | H9: Teléfono contacto | I9: Observaciones | J9: Estado
B10: 1 | J10: Activo
B11: 2 | J11: Activo
B12: 3 | J12: Activo
B13: 4 | J13: Activo
B14: 5 | J14: Activo
B15: 6 | J15: Activo
B16: 7 | J16: Activo
B17: 8 | J17: Activo
B18: 9 | J18: Activo
B19: 10 | J19: Activo
B20: 11 | J20: Activo
B21: 12 | J21: Activo
... B39: 30 | J39: Activo

Sheet ISO · Actividades
B2: 📝 Actividades Evaluables — ISO 1º ASIR
B3: Prácticas y exámenes vinculados a RAs y CEs · Implantación de Sistemas Operativos · 2026-2027
B5: =HYPERLINK("#Mis Módulos!A1","← Módulos") -> ← Módulos | C5: =HYPERLINK("#ISO · Programación!A1","📋 Programa") -> 📋 Programa | D5: =HYPERLINK("#ISO · Alumnos!A1","👥 Alumnos") -> 👥 Alumnos | E5: 📝 Actividades | F5: =HYPERLINK("#ISO · Reg. Notas!A1","📊 Reg. Notas") -> 📊 Reg. Notas | G5: =HYPERLINK("#ISO · Resumen!A1","📈 Resumen") -> 📈 Resumen | H5: =HYPERLINK("#ISO · Evaluación 1!A1","Eval 1") -> Eval 1 | I5: =HYPERLINK("#ISO · Evaluación 2!A1","Eval 2") -> Eval 2 | J5: =HYPERLINK("#ISO · Evaluación 3!A1","Eval 3") -> Eval 3 | K5: =HYPERLINK("#ISO · 1ªORD!A1","1ª ORD") -> 1ª ORD | L5: =HYPERLINK("#ISO · 2ªORD!A1","2ª ORD") -> 2ª ORD | M5: =HYPERLINK("#ISO · Rúbricas!A1","🎯 Rúbricas") -> 🎯 Rúbricas | N5: =HYPERLINK("#ISO · Informe Grupo!A1","📊 Inf.Grupo") -> 📊 Inf.Grupo | O5: =HYPERLINK("#ISO · Boletín!A1","📄 Boletín") -> 📄 Boletín | P5: =HYPERLINK("#ISO · Dashboard!A1","📊 Dashboard") -> 📊 Dashboard
B8: ℹ️ Las actividades prácticas se han generado automáticamente desde la Programación. Ajusta la descripción, el tipo y el peso según tu planificación.
B9: ID | C9: Eval. | D9: UT | E9: RA | F9: CEs vinculados | G9: Descripción de la actividad | H9: Instrumento | I9: Tipo | J9: Peso (%) | K9: Nota máx.
B10: A001 | C10: EV1 | D10: UT1 | E10: RA1 | F10: CR1 CR2 CR3 CR4 CR5 CR6 CR7 CR8 | G10: Instalación de software libre y propietario — práctica RA1 | H10: 🔧 Práctica | I10: Individual | K10: 10
B11: A002 | C11: EV1 | D11: UT1 | E11: RA2 | F11: CR7 CR8 | G11: Instalación de software libre y propietario — práctica RA2 | H11: 🔧 Práctica | I11: Individual | K11: 10
B12: A003 | C12: EV1 | D12: UT2 | E12: RA2 | F12: CR1 CR2 CR3 CR4 CR5 CR6 CR10 CR11 … (+6) | G12: Administración de software base — práctica RA2 | H12: 🔧 Práctica | I12: Individual | K12: 10
B13: A004 | C13: EV2 | D13: UT3 | E13: RA3 | F13: CR1 CR2 CR3 CR4 CR5 CR6 CR7 CR8 | G13: Administración y aseguramiento de la información — práctica RA3 | H13: 🔧 Práctica | I13: Individual | K13: 10
B14: A005 | C14: EV2 | D14: UT4 | E14: RA4 | F14: CR1 CR2 CR3 CR4 CR5 CR6 CR7 CR8 | G14: Gestión de dominios — práctica RA4 | H14: 🔧 Práctica | I14: Individual | K14: 10
B15: A006 | C15: EV2 | D15: UT5 | E15: RA5 | F15: CR1 CR2 CR3 CR4 CR5 CR6 CR7 | G15: Administración de acceso al dominio — práctica RA5 | H15: 🔧 Práctica | I15: Individual | K15: 10
B16: A007 | C16: EV3 | D16: UT6 | E16: RA6 | F16: CR1 CR2 CR3 CR4 CR5 CR6 CR7 CR8 … (+2) | G16: Supervisión del rendimiento del sistema — práctica RA6 | H16: 🔧 Práctica | I16: Individual | K16: 10
B17: A008 | C17: EV3 | D17: UT7 | E17: RA7 | F17: CR1 CR2 CR3 CR4 CR5 CR6 CR7 CR8 … (+1) | G17: Directivas de seguridad y auditorías — práctica RA7 | H17: 🔧 Práctica | I17: Individual | K17: 10
B18: A009 | C18: EV3 | D18: UT8 | E18: RA8 | F18: CR1 CR2 CR3 CR4 CR5 CR6 CR7 CR8 … (+1) | G18: Resolución de incidencias y asistencia técnica — práctica RA8 | H18: 🔧 Práctica | I18: Individual | K18: 10
B20: EX1 | C20: EV1 | D20: UT1+UT2 | E20: RA1+RA2 | F20: Todos los CEs de la evaluación | G20: Examen teórico-práctico Evaluación 1 | H20: 📝 Examen | I20: Individual | K20: 10
B21: EX2 | C21: EV2 | D21: UT3+UT4+UT5 | E21: RA3+RA4+RA5 | F21: Todos los CEs de la evaluación | G21: Examen teórico-práctico Evaluación 2 | H21: 📝 Examen | I21: Individual | K21: 10
B22: EX3 | C22: EV3 | D22: UT6+UT7+UT8 | E22: RA6+RA7+RA8 | F22: Todos los CEs de la evaluación | G22: Examen teórico-práctico Evaluación 3 | H22: 📝 Examen | I22: Individual | K22: 10
B24: 💡 Peso (%): indica el porcentaje de la nota de prácticas que pondera esta actividad para cada RA. Los exámenes tienen su propio peso (configurable en Configuración → Peso examen). La suma de pesos de prácticas por RA debería ser 100%.

Sheet ISO · Reg. Notas
B2: 📊 Registro de Notas
B3: Calificaciones por alumno/a · Actividades, Exámenes y RAs · ISO 1º ASIR · 2026-2027
B5: =HYPERLINK("#Mis Módulos!A1","← Módulos") -> ← Módulos | C5: =HYPERLINK("#ISO · Programación!A1","📋 Programa") -> 📋 Programa | D5: =HYPERLINK("#ISO · Alumnos!A1","👥 Alumnos") -> 👥 Alumnos | E5: =HYPERLINK("#ISO · Actividades!A1","📝 Actividades") -> 📝 Actividades | F5: 📊 Reg. Notas | G5: =HYPERLINK("#ISO · Resumen!A1","📈 Resumen") -> 📈 Resumen | H5: =HYPERLINK("#ISO · Evaluación 1!A1","Eval 1") -> Eval 1 | I5: =HYPERLINK("#ISO · Evaluación 2!A1","Eval 2") -> Eval 2 | J5: =HYPERLINK("#ISO · Evaluación 3!A1","Eval 3") -> Eval 3 | K5: =HYPERLINK("#ISO · 1ªORD!A1","1ª ORD") -> 1ª ORD | L5: =HYPERLINK("#ISO · 2ªORD!A1","2ª ORD") -> 2ª ORD | M5: =HYPERLINK("#ISO · Rúbricas!A1","🎯 Rúbricas") -> 🎯 Rúbricas | N5: =HYPERLINK("#ISO · Informe Grupo!A1","📊 Inf.Grupo") -> 📊 Inf.Grupo | O5: =HYPERLINK("#ISO · Boletín!A1","📄 Boletín") -> 📄 Boletín | P5: =HYPERLINK("#ISO · Dashboard!A1","📊 Dashboard") -> 📊 Dashboard
B8: ℹ️ Introduzca las calificaciones de actividades (prácticas) y exámenes. Nota RA = % examen + % prácticas (configurables en la hoja Configuración). Las columnas de RAs y la nota final se calculan automáticamente.
D9: ACTIVIDADES (PRÁCTICAS) | M9: EXÁMENES (TEORÍA) | P9: NOTA RA (75% EX + 25% ACT) | X9: FINAL
B10: Nº | C10: Apellidos y Nombre | D10: A001 | E10: A002 | F10: A003 | G10: A004 | H10: A005 | I10: A006 | J10: A007 | K10: A008 | L10: A009 | M10: EX1 | N10: EX2 | O10: EX3 | P10: RA1 | Q10: RA2 | R10: RA3 | S10: RA4 | T10: RA5 | U10: RA6 | V10: RA7 | W10: RA8 | X10: NOTA FINAL
B11: 1 | C11: =IFERROR('ISO · Alumnos'!C10&IF('ISO · Alumnos'!D10<>"",", "&'ISO · Alumnos'!D10,""),"") | P11: =IFERROR(ROUND(PESO_EXAMEN*M11+PESO_PRACTICA*AVERAGE(D11),2),"") | Q11: =IFERROR(ROUND(PESO_EXAMEN*M11+PESO_PRACTICA*AVERAGE(E11,F11),2),"") | R11: =IFERROR(ROUND(PESO_EXAMEN*N11+PESO_PRACTICA*AVERAGE(G11),2),"") | S11: =IFERROR(ROUND(PESO_EXAMEN*N11+PESO_PRACTICA*AVERAGE(H11),2),"") | T11: =IFERROR(ROUND(PESO_EXAMEN*N11+PESO_PRACTICA*AVERAGE(I11),2),"") | U11: =IFERROR(ROUND(PESO_EXAMEN*O11+PESO_PRACTICA*AVERAGE(J11),2),"") | V11: =IFERROR(ROUND(PESO_EXAMEN*O11+PESO_PRACTICA*AVERAGE(K11),2),"") | W11: =IFERROR(ROUND(PESO_EXAMEN*O11+PESO_PRACTICA*AVERAGE(L11),2),"") | X11: =IFERROR(ROUND(P11*0.13+Q11*0.19+R11*0.09+S11*0.16+T11*0.13+U11*0.12+V11*0.13+W11*0.05,2),"")
B12: 2 | C12: =IFERROR('ISO · Alumnos'!C11&IF('ISO · Alumnos'!D11<>"",", "&'ISO · Alumnos'!D11,""),"") | P12: =IFERROR(ROUND(PESO_EXAMEN*M12+PESO_PRACTICA*AVERAGE(D12),2),"") | Q12: =IFERROR(ROUND(PESO_EXAMEN*M12+PESO_PRACTICA*AVERAGE(E12,F12),2),"") | R12: =IFERROR(ROUND(PESO_EXAMEN*N12+PESO_PRACTICA*AVERAGE(G12),2),"") | S12: =IFERROR(ROUND(PESO_EXAMEN*N12+PESO_PRACTICA*AVERAGE(H12),2),"") | T12: =IFERROR(ROUND(PESO_EXAMEN*N12+PESO_PRACTICA*AVERAGE(I12),2),"") | U12: =IFERROR(ROUND(PESO_EXAMEN*O12+PESO_PRACTICA*AVERAGE(J12),2),"") | V12: =IFERROR(ROUND(PESO_EXAMEN*O12+PESO_PRACTICA*AVERAGE(K12),2),"") | W12: =IFERROR(ROUND(PESO_EXAMEN*O12+PESO_PRACTICA*AVERAGE(L12),2),"") | X12: =IFERROR(ROUND(P12*0.13+Q12*0.19+R12*0.09+S12*0.16+T12*0.13+U12*0.12+V12*0.13+W12*0.05,2),"")
B13: 3 | C13: =IFERROR('ISO · Alumnos'!C12&IF('ISO · Alumnos'!D12<>"",", "&'ISO · Alumnos'!D12,""),"") | P13: =IFERROR(ROUND(PESO_EXAMEN*M13+PESO_PRACTICA*AVERAGE(D13),2),"") | Q13: =IFERROR(ROUND(PESO_EXAMEN*M13+PESO_PRACTICA*AVERAGE(E13,F13),2),"") | R13: =IFERROR(ROUND(PESO_EXAMEN*N13+PESO_PRACTICA*AVERAGE(G13),2),"") | S13: =IFERROR(ROUND(PESO_EXAMEN*N13+PESO_PRACTICA*AVERAGE(H13),2),"") | T13: =IFERROR(ROUND(PESO_EXAMEN*N13+PESO_PRACTICA*AVERAGE(I13),2),"") | U13: =IFERROR(ROUND(PESO_EXAMEN*O13+PESO_PRACTICA*AVERAGE(J13),2),"") | V13: =IFERROR(ROUND(PESO_EXAMEN*O13+PESO_PRACTICA*AVERAGE(K13),2),"") | W13: =IFERROR(ROUND(PESO_EXAMEN*O13+PESO_PRACTICA*AVERAGE(L13),2),"") | X13: =IFERROR(ROUND(P13*0.13+Q13*0.19+R13*0.09+S13*0.16+T13*0.13+U13*0.12+V13*0.13+W13*0.05,2),"")
B14: 4 | C14: =IFERROR('ISO · Alumnos'!C13&IF('ISO · Alumnos'!D13<>"",", "&'ISO · Alumnos'!D13,""),"") | P14: =IFERROR(ROUND(PESO_EXAMEN*M14+PESO_PRACTICA*AVERAGE(D14),2),"") | Q14: =IFERROR(ROUND(PESO_EXAMEN*M14+PESO_PRACTICA*AVERAGE(E14,F14),2),"") | R14: =IFERROR(ROUND(PESO_EXAMEN*N14+PESO_PRACTICA*AVERAGE(G14),2),"") | S14: =IFERROR(ROUND(PESO_EXAMEN*N14+PESO_PRACTICA*AVERAGE(H14),2),"") | T14: =IFERROR(ROUND(PESO_EXAMEN*N14+PESO_PRACTICA*AVERAGE(I14),2),"") | U14: =IFERROR(ROUND(PESO_EXAMEN*O14+PESO_PRACTICA*AVERAGE(J14),2),"") | V14: =IFERROR(ROUND(PESO_EXAMEN*O14+PESO_PRACTICA*AVERAGE(K14),2),"") | W14: =IFERROR(ROUND(PESO_EXAMEN*O14+PESO_PRACTICA*AVERAGE(L14),2),"") | X14: =IFERROR(ROUND(P14*0.13+Q14*0.19+R14*0.09+S14*0.16+T14*0.13+U14*0.12+V14*0.13+W14*0.05,2),"")
B15: 5 | C15: =IFERROR('ISO · Alumnos'!C14&IF('ISO · Alumnos'!D14<>"",", "&'ISO · Alumnos'!D14,""),"") | P15: =IFERROR(ROUND(PESO_EXAMEN*M15+PESO_PRACTICA*AVERAGE(D15),2),"") | Q15: =IFERROR(ROUND(PESO_EXAMEN*M15+PESO_PRACTICA*AVERAGE(E15,F15),2),"") | R15: =IFERROR(ROUND(PESO_EXAMEN*N15+PESO_PRACTICA*AVERAGE(G15),2),"") | S15: =IFERROR(ROUND(PESO_EXAMEN*N15+PESO_PRACTICA*AVERAGE(H15),2),"") | T15: =IFERROR(ROUND(PESO_EXAMEN*N15+PESO_PRACTICA*AVERAGE(I15),2),"") | U15: =IFERROR(ROUND(PESO_EXAMEN*O15+PESO_PRACTICA*AVERAGE(J15),2),"") | V15: =IFERROR(ROUND(PESO_EXAMEN*O15+PESO_PRACTICA*AVERAGE(K15),2),"") | W15: =IFERROR(ROUND(PESO_EXAMEN*O15+PESO_PRACTICA*AVERAGE(L15),2),"") | X15: =IFERROR(ROUND(P15*0.13+Q15*0.19+R15*0.09+S15*0.16+T15*0.13+U15*0.12+V15*0.13+W15*0.05,2),"")
B16: 6 | C16: =IFERROR('ISO · Alumnos'!C15&IF('ISO · Alumnos'!D15<>"",", "&'ISO · Alumnos'!D15,""),"") | P16: =IFERROR(ROUND(PESO_EXAMEN*M16+PESO_PRACTICA*AVERAGE(D16),2),"") | Q16: =IFERROR(ROUND(PESO_EXAMEN*M16+PESO_PRACTICA*AVERAGE(E16,F16),2),"") | R16: =IFERROR(ROUND(PESO_EXAMEN*N16+PESO_PRACTICA*AVERAGE(G16),2),"") | S16: =IFERROR(ROUND(PESO_EXAMEN*N16+PESO_PRACTICA*AVERAGE(H16),2),"") | T16: =IFERROR(ROUND(PESO_EXAMEN*N16+PESO_PRACTICA*AVERAGE(I16),2),"") | U16: =IFERROR(ROUND(PESO_EXAMEN*O16+PESO_PRACTICA*AVERAGE(J16),2),"") | V16: =IFERROR(ROUND(PESO_EXAMEN*O16+PESO_PRACTICA*AVERAGE(K16),2),"") | W16: =IFERROR(ROUND(PESO_EXAMEN*O16+PESO_PRACTICA*AVERAGE(L16),2),"") | X16: =IFERROR(ROUND(P16*0.13+Q16*0.19+R16*0.09+S16*0.16+T16*0.13+U16*0.12+V16*0.13+W16*0.05,2),"")
B17: 7 | C17: =IFERROR('ISO · Alumnos'!C16&IF('ISO · Alumnos'!D16<>"",", "&'ISO · Alumnos'!D16,""),"") | P17: =IFERROR(ROUND(PESO_EXAMEN*M17+PESO_PRACTICA*AVERAGE(D17),2),"") | Q17: =IFERROR(ROUND(PESO_EXAMEN*M17+PESO_PRACTICA*AVERAGE(E17,F17),2),"") | R17: =IFERROR(ROUND(PESO_EXAMEN*N17+PESO_PRACTICA*AVERAGE(G17),2),"") | S17: =IFERROR(ROUND(PESO_EXAMEN*N17+PESO_PRACTICA*AVERAGE(H17),2),"") | T17: =IFERROR(ROUND(PESO_EXAMEN*N17+PESO_PRACTICA*AVERAGE(I17),2),"") | U17: =IFERROR(ROUND(PESO_EXAMEN*O17+PESO_PRACTICA*AVERAGE(J17),2),"") | V17: =IFERROR(ROUND(PESO_EXAMEN*O17+PESO_PRACTICA*AVERAGE(K17),2),"") | W17: =IFERROR(ROUND(PESO_EXAMEN*O17+PESO_PRACTICA*AVERAGE(L17),2),"") | X17: =IFERROR(ROUND(P17*0.13+Q17*0.19+R17*0.09+S17*0.16+T17*0.13+U17*0.12+V17*0.13+W17*0.05,2),"")
B18: 8 | C18: =IFERROR('ISO · Alumnos'!C17&IF('ISO · Alumnos'!D17<>"",", "&'ISO · Alumnos'!D17,""),"") | P18: =IFERROR(ROUND(PESO_EXAMEN*M18+PESO_PRACTICA*AVERAGE(D18),2),"") | Q18: =IFERROR(ROUND(PESO_EXAMEN*M18+PESO_PRACTICA*AVERAGE(E18,F18),2),"") | R18: =IFERROR(ROUND(PESO_EXAMEN*N18+PESO_PRACTICA*AVERAGE(G18),2),"") | S18: =IFERROR(ROUND(PESO_EXAMEN*N18+PESO_PRACTICA*AVERAGE(H18),2),"") | T18: =IFERROR(ROUND(PESO_EXAMEN*N18+PESO_PRACTICA*AVERAGE(I18),2),"") | U18: =IFERROR(ROUND(PESO_EXAMEN*O18+PESO_PRACTICA*AVERAGE(J18),2),"") | V18: =IFERROR(ROUND(PESO_EXAMEN*O18+PESO_PRACTICA*AVERAGE(K18),2),"") | W18: =IFERROR(ROUND(PESO_EXAMEN*O18+PESO_PRACTICA*AVERAGE(L18),2),"") | X18: =IFERROR(ROUND(P18*0.13+Q18*0.19+R18*0.09+S18*0.16+T18*0.13+U18*0.12+V18*0.13+W18*0.05,2),"")
B19: 9 | C19: =IFERROR('ISO · Alumnos'!C18&IF('ISO · Alumnos'!D18<>"",", "&'ISO · Alumnos'!D18,""),"") | P19: =IFERROR(ROUND(PESO_EXAMEN*M19+PESO_PRACTICA*AVERAGE(D19),2),"") | Q19: =IFERROR(ROUND(PESO_EXAMEN*M19+PESO_PRACTICA*AVERAGE(E19,F19),2),"") | R19: =IFERROR(ROUND(PESO_EXAMEN*N19+PESO_PRACTICA*AVERAGE(G19),2),"") | S19: =IFERROR(ROUND(PESO_EXAMEN*N19+PESO_PRACTICA*AVERAGE(H19),2),"") | T19: =IFERROR(ROUND(PESO_EXAMEN*N19+PESO_PRACTICA*AVERAGE(I19),2),"") | U19: =IFERROR(ROUND(PESO_EXAMEN*O19+PESO_PRACTICA*AVERAGE(J19),2),"") | V19: =IFERROR(ROUND(PESO_EXAMEN*O19+PESO_PRACTICA*AVERAGE(K19),2),"") | W19: =IFERROR(ROUND(PESO_EXAMEN*O19+PESO_PRACTICA*AVERAGE(L19),2),"") | X19: =IFERROR(ROUND(P19*0.13+Q19*0.19+R19*0.09+S19*0.16+T19*0.13+U19*0.12+V19*0.13+W19*0.05,2),"")
B20: 10 | C20: =IFERROR('ISO · Alumnos'!C19&IF('ISO · Alumnos'!D19<>"",", "&'ISO · Alumnos'!D19,""),"") | P20: =IFERROR(ROUND(PESO_EXAMEN*M20+PESO_PRACTICA*AVERAGE(D20),2),"") | Q20: =IFERROR(ROUND(PESO_EXAMEN*M20+PESO_PRACTICA*AVERAGE(E20,F20),2),"") | R20: =IFERROR(ROUND(PESO_EXAMEN*N20+PESO_PRACTICA*AVERAGE(G20),2),"") | S20: =IFERROR(ROUND(PESO_EXAMEN*N20+PESO_PRACTICA*AVERAGE(H20),2),"") | T20: =IFERROR(ROUND(PESO_EXAMEN*N20+PESO_PRACTICA*AVERAGE(I20),2),"") | U20: =IFERROR(ROUND(PESO_EXAMEN*O20+PESO_PRACTICA*AVERAGE(J20),2),"") | V20: =IFERROR(ROUND(PESO_EXAMEN*O20+PESO_PRACTICA*AVERAGE(K20),2),"") | W20: =IFERROR(ROUND(PESO_EXAMEN*O20+PESO_PRACTICA*AVERAGE(L20),2),"") | X20: =IFERROR(ROUND(P20*0.13+Q20*0.19+R20*0.09+S20*0.16+T20*0.13+U20*0.12+V20*0.13+W20*0.05,2),"")
B21: 11 | C21: =IFERROR('ISO · Alumnos'!C20&IF('ISO · Alumnos'!D20<>"",", "&'ISO · Alumnos'!D20,""),"") | P21: =IFERROR(ROUND(PESO_EXAMEN*M21+PESO_PRACTICA*AVERAGE(D21),2),"") | Q21: =IFERROR(ROUND(PESO_EXAMEN*M21+PESO_PRACTICA*AVERAGE(E21,F21),2),"") | R21: =IFERROR(ROUND(PESO_EXAMEN*N21+PESO_PRACTICA*AVERAGE(G21),2),"") | S21: =IFERROR(ROUND(PESO_EXAMEN*N21+PESO_PRACTICA*AVERAGE(H21),2),"") | T21: =IFERROR(ROUND(PESO_EXAMEN*N21+PESO_PRACTICA*AVERAGE(I21),2),"") | U21: =IFERROR(ROUND(PESO_EXAMEN*O21+PESO_PRACTICA*AVERAGE(J21),2),"") | V21: =IFERROR(ROUND(PESO_EXAMEN*O21+PESO_PRACTICA*AVERAGE(K21),2),"") | W21: =IFERROR(ROUND(PESO_EXAMEN*O21+PESO_PRACTICA*AVERAGE(L21),2),"") | X21: =IFERROR(ROUND(P21*0.13+Q21*0.19+R21*0.09+S21*0.16+T21*0.13+U21*0.12+V21*0.13+W21*0.05,2),"")
B22: 12 | C22: =IFERROR('ISO · Alumnos'!C21&IF('ISO · Alumnos'!D21<>"",", "&'ISO · Alumnos'!D21,""),"") | P22: =IFERROR(ROUND(PESO_EXAMEN*M22+PESO_PRACTICA*AVERAGE(D22),2),"") | Q22: =IFERROR(ROUND(PESO_EXAMEN*M22+PESO_PRACTICA*AVERAGE(E22,F22),2),"") | R22: =IFERROR(ROUND(PESO_EXAMEN*N22+PESO_PRACTICA*AVERAGE(G22),2),"") | S22: =IFERROR(ROUND(PESO_EXAMEN*N22+PESO_PRACTICA*AVERAGE(H22),2),"") | T22: =IFERROR(ROUND(PESO_EXAMEN*N22+PESO_PRACTICA*AVERAGE(I22),2),"") | U22: =IFERROR(ROUND(PESO_EXAMEN*O22+PESO_PRACTICA*AVERAGE(J22),2),"") | V22: =IFERROR(ROUND(PESO_EXAMEN*O22+PESO_PRACTICA*AVERAGE(K22),2),"") | W22: =IFERROR(ROUND(PESO_EXAMEN*O22+PESO_PRACTICA*AVERAGE(L22),2),"") | X22: =IFERROR(ROUND(P22*0.13+Q22*0.19+R22*0.09+S22*0.16+T22*0.13+U22*0.12+V22*0.13+W22*0.05,2),"")
... B40: 30 | C40: =IFERROR('ISO · Alumnos'!C39&IF('ISO · Alumnos'!D39<>"",", "&'ISO · Alumnos'!D39,""),"") | P40: =IFERROR(ROUND(PESO_EXAMEN*M40+PESO_PRACTICA*AVERAGE(D40),2),"") | Q40: =IFERROR(ROUND(PESO_EXAMEN*M40+PESO_PRACTICA*AVERAGE(E40,F40),2),"") | R40: =IFERROR(ROUND(PESO_EXAMEN*N40+PESO_PRACTICA*AVERAGE(G40),2),"") | S40: =IFERROR(ROUND(PESO_EXAMEN*N40+PESO_PRACTICA*AVERAGE(H40),2),"") | T40: =IFERROR(ROUND(PESO_EXAMEN*N40+PESO_PRACTICA*AVERAGE(I40),2),"") | U40: =IFERROR(ROUND(PESO_EXAMEN*O40+PESO_PRACTICA*AVERAGE(J40),2),"") | V40: =IFERROR(ROUND(PESO_EXAMEN*O40+PESO_PRACTICA*AVERAGE(K40),2),"") | W40: =IFERROR(ROUND(PESO_EXAMEN*O40+PESO_PRACTICA*AVERAGE(L40),2),"") | X40: =IFERROR(ROUND(P40*0.13+Q40*0.19+R40*0.09+S40*0.16+T40*0.13+U40*0.12+V40*0.13+W40*0.05,2),"")

Sheet ISO · Resumen
B2: 📈 Resumen y Dashboard
B3: Vista general del grupo · Estadísticas y KPIs · ISO 1º ASIR · 2026-2027
B5: =HYPERLINK("#Mis Módulos!A1","← Módulos") -> ← Módulos | C5: =HYPERLINK("#ISO · Programación!A1","📋 Programa") -> 📋 Programa | D5: =HYPERLINK("#ISO · Alumnos!A1","👥 Alumnos") -> 👥 Alumnos | E5: =HYPERLINK("#ISO · Actividades!A1","📝 Actividades") -> 📝 Actividades | F5: =HYPERLINK("#ISO · Reg. Notas!A1","📊 Reg. Notas") -> 📊 Reg. Notas | G5: 📈 Resumen | H5: =HYPERLINK("#ISO · Evaluación 1!A1","Eval 1") -> Eval 1 | I5: =HYPERLINK("#ISO · Evaluación 2!A1","Eval 2") -> Eval 2 | J5: =HYPERLINK("#ISO · Evaluación 3!A1","Eval 3") -> Eval 3 | K5: =HYPERLINK("#ISO · 1ªORD!A1","1ª ORD") -> 1ª ORD | L5: =HYPERLINK("#ISO · 2ªORD!A1","2ª ORD") -> 2ª ORD | M5: =HYPERLINK("#ISO · Rúbricas!A1","🎯 Rúbricas") -> 🎯 Rúbricas | N5: =HYPERLINK("#ISO · Informe Grupo!A1","📊 Inf.Grupo") -> 📊 Inf.Grupo | O5: =HYPERLINK("#ISO · Boletín!A1","📄 Boletín") -> 📄 Boletín | P5: =HYPERLINK("#ISO · Dashboard!A1","📊 Dashboard") -> 📊 Dashboard
B8: 🚧 Este panel se completará con datos de Reg. Notas en Sprint 9 (Dashboard).
B10: 📊 Alumnos registrados
B11: ✅ Aprobados (≥5) | C11: —
B12: ❌ Suspensos (<5) | C12: —
B13: 📈 Media del grupo | C13: —
B14: ⚠️ En riesgo (<4) | C14: —

Sheet ISO · Evaluación 1
B2: 📝 Evaluación 1 · UT1, UT2
B3: RAs evaluados: RA1 40.6% · RA2 59.4% (pesos normalizados al 100% de esta evaluación)
B5: =HYPERLINK("#Mis Módulos!A1","← Módulos") -> ← Módulos | C5: =HYPERLINK("#ISO · Programación!A1","📋 Programa") -> 📋 Programa | D5: =HYPERLINK("#ISO · Alumnos!A1","👥 Alumnos") -> 👥 Alumnos | E5: =HYPERLINK("#ISO · Actividades!A1","📝 Actividades") -> 📝 Actividades | F5: =HYPERLINK("#ISO · Reg. Notas!A1","📊 Reg. Notas") -> 📊 Reg. Notas | G5: =HYPERLINK("#ISO · Resumen!A1","📈 Resumen") -> 📈 Resumen | H5: Eval 1 | I5: =HYPERLINK("#ISO · Evaluación 2!A1","Eval 2") -> Eval 2 | J5: =HYPERLINK("#ISO · Evaluación 3!A1","Eval 3") -> Eval 3 | K5: =HYPERLINK("#ISO · 1ªORD!A1","1ª ORD") -> 1ª ORD | L5: =HYPERLINK("#ISO · 2ªORD!A1","2ª ORD") -> 2ª ORD | M5: =HYPERLINK("#ISO · Rúbricas!A1","🎯 Rúbricas") -> 🎯 Rúbricas | N5: =HYPERLINK("#ISO · Informe Grupo!A1","📊 Inf.Grupo") -> 📊 Inf.Grupo | O5: =HYPERLINK("#ISO · Boletín!A1","📄 Boletín") -> 📄 Boletín | P5: =HYPERLINK("#ISO · Dashboard!A1","📊 Dashboard") -> 📊 Dashboard
F8: RA1: 13% global → 40.6% en Eval 1 | G8: RA2: 19% global → 59.4% en Eval 1
B10: Nº | C10: Apellidos y Nombre | D10: UT1 (30h) | E10: UT2 (25h) | F10: RA1 (40.6%) | G10: RA2 (59.4%) | H10: NOTA EVAL | I10: Resultado
B11: 1 | C11: =IFERROR('ISO · Alumnos'!C10&IF('ISO · Alumnos'!D10<>"",", "&'ISO · Alumnos'!D10,""),"") | F11: =IFERROR('ISO · Reg. Notas'!P11,"") | G11: =IFERROR('ISO · Reg. Notas'!Q11,"") | H11: =IFERROR(ROUND(F11*0.40625+G11*0.59375,2),"") | I11: =IF(H11="","",IF(H11>=5,"APTO","NO APTO"))
B12: 2 | C12: =IFERROR('ISO · Alumnos'!C11&IF('ISO · Alumnos'!D11<>"",", "&'ISO · Alumnos'!D11,""),"") | F12: =IFERROR('ISO · Reg. Notas'!P12,"") | G12: =IFERROR('ISO · Reg. Notas'!Q12,"") | H12: =IFERROR(ROUND(F12*0.40625+G12*0.59375,2),"") | I12: =IF(H12="","",IF(H12>=5,"APTO","NO APTO"))
B13: 3 | C13: =IFERROR('ISO · Alumnos'!C12&IF('ISO · Alumnos'!D12<>"",", "&'ISO · Alumnos'!D12,""),"") | F13: =IFERROR('ISO · Reg. Notas'!P13,"") | G13: =IFERROR('ISO · Reg. Notas'!Q13,"") | H13: =IFERROR(ROUND(F13*0.40625+G13*0.59375,2),"") | I13: =IF(H13="","",IF(H13>=5,"APTO","NO APTO"))
B14: 4 | C14: =IFERROR('ISO · Alumnos'!C13&IF('ISO · Alumnos'!D13<>"",", "&'ISO · Alumnos'!D13,""),"") | F14: =IFERROR('ISO · Reg. Notas'!P14,"") | G14: =IFERROR('ISO · Reg. Notas'!Q14,"") | H14: =IFERROR(ROUND(F14*0.40625+G14*0.59375,2),"") | I14: =IF(H14="","",IF(H14>=5,"APTO","NO APTO"))
B15: 5 | C15: =IFERROR('ISO · Alumnos'!C14&IF('ISO · Alumnos'!D14<>"",", "&'ISO · Alumnos'!D14,""),"") | F15: =IFERROR('ISO · Reg. Notas'!P15,"") | G15: =IFERROR('ISO · Reg. Notas'!Q15,"") | H15: =IFERROR(ROUND(F15*0.40625+G15*0.59375,2),"") | I15: =IF(H15="","",IF(H15>=5,"APTO","NO APTO"))
B16: 6 | C16: =IFERROR('ISO · Alumnos'!C15&IF('ISO · Alumnos'!D15<>"",", "&'ISO · Alumnos'!D15,""),"") | F16: =IFERROR('ISO · Reg. Notas'!P16,"") | G16: =IFERROR('ISO · Reg. Notas'!Q16,"") | H16: =IFERROR(ROUND(F16*0.40625+G16*0.59375,2),"") | I16: =IF(H16="","",IF(H16>=5,"APTO","NO APTO"))
B17: 7 | C17: =IFERROR('ISO · Alumnos'!C16&IF('ISO · Alumnos'!D16<>"",", "&'ISO · Alumnos'!D16,""),"") | F17: =IFERROR('ISO · Reg. Notas'!P17,"") | G17: =IFERROR('ISO · Reg. Notas'!Q17,"") | H17: =IFERROR(ROUND(F17*0.40625+G17*0.59375,2),"") | I17: =IF(H17="","",IF(H17>=5,"APTO","NO APTO"))
B18: 8 | C18: =IFERROR('ISO · Alumnos'!C17&IF('ISO · Alumnos'!D17<>"",", "&'ISO · Alumnos'!D17,""),"") | F18: =IFERROR('ISO · Reg. Notas'!P18,"") | G18: =IFERROR('ISO · Reg. Notas'!Q18,"") | H18: =IFERROR(ROUND(F18*0.40625+G18*0.59375,2),"") | I18: =IF(H18="","",IF(H18>=5,"APTO","NO APTO"))
B19: 9 | C19: =IFERROR('ISO · Alumnos'!C18&IF('ISO · Alumnos'!D18<>"",", "&'ISO · Alumnos'!D18,""),"") | F19: =IFERROR('ISO · Reg. Notas'!P19,"") | G19: =IFERROR('ISO · Reg. Notas'!Q19,"") | H19: =IFERROR(ROUND(F19*0.40625+G19*0.59375,2),"") | I19: =IF(H19="","",IF(H19>=5,"APTO","NO APTO"))
B20: 10 | C20: =IFERROR('ISO · Alumnos'!C19&IF('ISO · Alumnos'!D19<>"",", "&'ISO · Alumnos'!D19,""),"") | F20: =IFERROR('ISO · Reg. Notas'!P20,"") | G20: =IFERROR('ISO · Reg. Notas'!Q20,"") | H20: =IFERROR(ROUND(F20*0.40625+G20*0.59375,2),"") | I20: =IF(H20="","",IF(H20>=5,"APTO","NO APTO"))
B21: 11 | C21: =IFERROR('ISO · Alumnos'!C20&IF('ISO · Alumnos'!D20<>"",", "&'ISO · Alumnos'!D20,""),"") | F21: =IFERROR('ISO · Reg. Notas'!P21,"") | G21: =IFERROR('ISO · Reg. Notas'!Q21,"") | H21: =IFERROR(ROUND(F21*0.40625+G21*0.59375,2),"") | I21: =IF(H21="","",IF(H21>=5,"APTO","NO APTO"))
B22: 12 | C22: =IFERROR('ISO · Alumnos'!C21&IF('ISO · Alumnos'!D21<>"",", "&'ISO · Alumnos'!D21,""),"") | F22: =IFERROR('ISO · Reg. Notas'!P22,"") | G22: =IFERROR('ISO · Reg. Notas'!Q22,"") | H22: =IFERROR(ROUND(F22*0.40625+G22*0.59375,2),"") | I22: =IF(H22="","",IF(H22>=5,"APTO","NO APTO"))
... B40: 30 | C40: =IFERROR('ISO · Alumnos'!C39&IF('ISO · Alumnos'!D39<>"",", "&'ISO · Alumnos'!D39,""),"") | F40: =IFERROR('ISO · Reg. Notas'!P40,"") | G40: =IFERROR('ISO · Reg. Notas'!Q40,"") | H40: =IFERROR(ROUND(F40*0.40625+G40*0.59375,2),"") | I40: =IF(H40="","",IF(H40>=5,"APTO","NO APTO"))

Sheet ISO · Evaluación 2
B2: 📝 Evaluación 2 · UT3, UT4, UT5
B3: RAs evaluados: RA3 23.7% · RA4 42.1% · RA5 34.2% (pesos normalizados al 100% de esta evaluación)
B5: =HYPERLINK("#Mis Módulos!A1","← Módulos") -> ← Módulos | C5: =HYPERLINK("#ISO · Programación!A1","📋 Programa") -> 📋 Programa | D5: =HYPERLINK("#ISO · Alumnos!A1","👥 Alumnos") -> 👥 Alumnos | E5: =HYPERLINK("#ISO · Actividades!A1","📝 Actividades") -> 📝 Actividades | F5: =HYPERLINK("#ISO · Reg. Notas!A1","📊 Reg. Notas") -> 📊 Reg. Notas | G5: =HYPERLINK("#ISO · Resumen!A1","📈 Resumen") -> 📈 Resumen | H5: =HYPERLINK("#ISO · Evaluación 1!A1","Eval 1") -> Eval 1 | I5: Eval 2 | J5: =HYPERLINK("#ISO · Evaluación 3!A1","Eval 3") -> Eval 3 | K5: =HYPERLINK("#ISO · 1ªORD!A1","1ª ORD") -> 1ª ORD | L5: =HYPERLINK("#ISO · 2ªORD!A1","2ª ORD") -> 2ª ORD | M5: =HYPERLINK("#ISO · Rúbricas!A1","🎯 Rúbricas") -> 🎯 Rúbricas | N5: =HYPERLINK("#ISO · Informe Grupo!A1","📊 Inf.Grupo") -> 📊 Inf.Grupo | O5: =HYPERLINK("#ISO · Boletín!A1","📄 Boletín") -> 📄 Boletín | P5: =HYPERLINK("#ISO · Dashboard!A1","📊 Dashboard") -> 📊 Dashboard
G8: RA3: 9% global → 23.7% en Eval 2 | H8: RA4: 16% global → 42.1% en Eval 2 | I8: RA5: 13% global → 34.2% en Eval 2
B10: Nº | C10: Apellidos y Nombre | D10: UT3 (22h) | E10: UT4 (30h) | F10: UT5 (25h) | G10: RA3 (23.7%) | H10: RA4 (42.1%) | I10: RA5 (34.2%) | J10: NOTA EVAL | K10: Resultado
B11: 1 | C11: =IFERROR('ISO · Alumnos'!C10&IF('ISO · Alumnos'!D10<>"",", "&'ISO · Alumnos'!D10,""),"") | G11: =IFERROR('ISO · Reg. Notas'!R11,"") | H11: =IFERROR('ISO · Reg. Notas'!S11,"") | I11: =IFERROR('ISO · Reg. Notas'!T11,"") | J11: =IFERROR(ROUND(G11*0.236842+H11*0.421053+I11*0.342105,2),"") | K11: =IF(J11="","",IF(J11>=5,"APTO","NO APTO"))
B12: 2 | C12: =IFERROR('ISO · Alumnos'!C11&IF('ISO · Alumnos'!D11<>"",", "&'ISO · Alumnos'!D11,""),"") | G12: =IFERROR('ISO · Reg. Notas'!R12,"") | H12: =IFERROR('ISO · Reg. Notas'!S12,"") | I12: =IFERROR('ISO · Reg. Notas'!T12,"") | J12: =IFERROR(ROUND(G12*0.236842+H12*0.421053+I12*0.342105,2),"") | K12: =IF(J12="","",IF(J12>=5,"APTO","NO APTO"))
B13: 3 | C13: =IFERROR('ISO · Alumnos'!C12&IF('ISO · Alumnos'!D12<>"",", "&'ISO · Alumnos'!D12,""),"") | G13: =IFERROR('ISO · Reg. Notas'!R13,"") | H13: =IFERROR('ISO · Reg. Notas'!S13,"") | I13: =IFERROR('ISO · Reg. Notas'!T13,"") | J13: =IFERROR(ROUND(G13*0.236842+H13*0.421053+I13*0.342105,2),"") | K13: =IF(J13="","",IF(J13>=5,"APTO","NO APTO"))
B14: 4 | C14: =IFERROR('ISO · Alumnos'!C13&IF('ISO · Alumnos'!D13<>"",", "&'ISO · Alumnos'!D13,""),"") | G14: =IFERROR('ISO · Reg. Notas'!R14,"") | H14: =IFERROR('ISO · Reg. Notas'!S14,"") | I14: =IFERROR('ISO · Reg. Notas'!T14,"") | J14: =IFERROR(ROUND(G14*0.236842+H14*0.421053+I14*0.342105,2),"") | K14: =IF(J14="","",IF(J14>=5,"APTO","NO APTO"))
B15: 5 | C15: =IFERROR('ISO · Alumnos'!C14&IF('ISO · Alumnos'!D14<>"",", "&'ISO · Alumnos'!D14,""),"") | G15: =IFERROR('ISO · Reg. Notas'!R15,"") | H15: =IFERROR('ISO · Reg. Notas'!S15,"") | I15: =IFERROR('ISO · Reg. Notas'!T15,"") | J15: =IFERROR(ROUND(G15*0.236842+H15*0.421053+I15*0.342105,2),"") | K15: =IF(J15="","",IF(J15>=5,"APTO","NO APTO"))
B16: 6 | C16: =IFERROR('ISO · Alumnos'!C15&IF('ISO · Alumnos'!D15<>"",", "&'ISO · Alumnos'!D15,""),"") | G16: =IFERROR('ISO · Reg. Notas'!R16,"") | H16: =IFERROR('ISO · Reg. Notas'!S16,"") | I16: =IFERROR('ISO · Reg. Notas'!T16,"") | J16: =IFERROR(ROUND(G16*0.236842+H16*0.421053+I16*0.342105,2),"") | K16: =IF(J16="","",IF(J16>=5,"APTO","NO APTO"))
B17: 7 | C17: =IFERROR('ISO · Alumnos'!C16&IF('ISO · Alumnos'!D16<>"",", "&'ISO · Alumnos'!D16,""),"") | G17: =IFERROR('ISO · Reg. Notas'!R17,"") | H17: =IFERROR('ISO · Reg. Notas'!S17,"") | I17: =IFERROR('ISO · Reg. Notas'!T17,"") | J17: =IFERROR(ROUND(G17*0.236842+H17*0.421053+I17*0.342105,2),"") | K17: =IF(J17="","",IF(J17>=5,"APTO","NO APTO"))
B18: 8 | C18: =IFERROR('ISO · Alumnos'!C17&IF('ISO · Alumnos'!D17<>"",", "&'ISO · Alumnos'!D17,""),"") | G18: =IFERROR('ISO · Reg. Notas'!R18,"") | H18: =IFERROR('ISO · Reg. Notas'!S18,"") | I18: =IFERROR('ISO · Reg. Notas'!T18,"") | J18: =IFERROR(ROUND(G18*0.236842+H18*0.421053+I18*0.342105,2),"") | K18: =IF(J18="","",IF(J18>=5,"APTO","NO APTO"))
B19: 9 | C19: =IFERROR('ISO · Alumnos'!C18&IF('ISO · Alumnos'!D18<>"",", "&'ISO · Alumnos'!D18,""),"") | G19: =IFERROR('ISO · Reg. Notas'!R19,"") | H19: =IFERROR('ISO · Reg. Notas'!S19,"") | I19: =IFERROR('ISO · Reg. Notas'!T19,"") | J19: =IFERROR(ROUND(G19*0.236842+H19*0.421053+I19*0.342105,2),"") | K19: =IF(J19="","",IF(J19>=5,"APTO","NO APTO"))
B20: 10 | C20: =IFERROR('ISO · Alumnos'!C19&IF('ISO · Alumnos'!D19<>"",", "&'ISO · Alumnos'!D19,""),"") | G20: =IFERROR('ISO · Reg. Notas'!R20,"") | H20: =IFERROR('ISO · Reg. Notas'!S20,"") | I20: =IFERROR('ISO · Reg. Notas'!T20,"") | J20: =IFERROR(ROUND(G20*0.236842+H20*0.421053+I20*0.342105,2),"") | K20: =IF(J20="","",IF(J20>=5,"APTO","NO APTO"))
B21: 11 | C21: =IFERROR('ISO · Alumnos'!C20&IF('ISO · Alumnos'!D20<>"",", "&'ISO · Alumnos'!D20,""),"") | G21: =IFERROR('ISO · Reg. Notas'!R21,"") | H21: =IFERROR('ISO · Reg. Notas'!S21,"") | I21: =IFERROR('ISO · Reg. Notas'!T21,"") | J21: =IFERROR(ROUND(G21*0.236842+H21*0.421053+I21*0.342105,2),"") | K21: =IF(J21="","",IF(J21>=5,"APTO","NO APTO"))
B22: 12 | C22: =IFERROR('ISO · Alumnos'!C21&IF('ISO · Alumnos'!D21<>"",", "&'ISO · Alumnos'!D21,""),"") | G22: =IFERROR('ISO · Reg. Notas'!R22,"") | H22: =IFERROR('ISO · Reg. Notas'!S22,"") | I22: =IFERROR('ISO · Reg. Notas'!T22,"") | J22: =IFERROR(ROUND(G22*0.236842+H22*0.421053+I22*0.342105,2),"") | K22: =IF(J22="","",IF(J22>=5,"APTO","NO APTO"))
... B40: 30 | C40: =IFERROR('ISO · Alumnos'!C39&IF('ISO · Alumnos'!D39<>"",", "&'ISO · Alumnos'!D39,""),"") | G40: =IFERROR('ISO · Reg. Notas'!R40,"") | H40: =IFERROR('ISO · Reg. Notas'!S40,"") | I40: =IFERROR('ISO · Reg. Notas'!T40,"") | J40: =IFERROR(ROUND(G40*0.236842+H40*0.421053+I40*0.342105,2),"") | K40: =IF(J40="","",IF(J40>=5,"APTO","NO APTO"))

Sheet ISO · Evaluación 3
B2: 📝 Evaluación 3 · UT6, UT7, UT8
B3: RAs evaluados: RA6 40.0% · RA7 43.3% · RA8 16.7% (pesos normalizados al 100% de esta evaluación)
B5: =HYPERLINK("#Mis Módulos!A1","← Módulos") -> ← Módulos | C5: =HYPERLINK("#ISO · Programación!A1","📋 Programa") -> 📋 Programa | D5: =HYPERLINK("#ISO · Alumnos!A1","👥 Alumnos") -> 👥 Alumnos | E5: =HYPERLINK("#ISO · Actividades!A1","📝 Actividades") -> 📝 Actividades | F5: =HYPERLINK("#ISO · Reg. Notas!A1","📊 Reg. Notas") -> 📊 Reg. Notas | G5: =HYPERLINK("#ISO · Resumen!A1","📈 Resumen") -> 📈 Resumen | H5: =HYPERLINK("#ISO · Evaluación 1!A1","Eval 1") -> Eval 1 | I5: =HYPERLINK("#ISO · Evaluación 2!A1","Eval 2") -> Eval 2 | J5: Eval 3 | K5: =HYPERLINK("#ISO · 1ªORD!A1","1ª ORD") -> 1ª ORD | L5: =HYPERLINK("#ISO · 2ªORD!A1","2ª ORD") -> 2ª ORD | M5: =HYPERLINK("#ISO · Rúbricas!A1","🎯 Rúbricas") -> 🎯 Rúbricas | N5: =HYPERLINK("#ISO · Informe Grupo!A1","📊 Inf.Grupo") -> 📊 Inf.Grupo | O5: =HYPERLINK("#ISO · Boletín!A1","📄 Boletín") -> 📄 Boletín | P5: =HYPERLINK("#ISO · Dashboard!A1","📊 Dashboard") -> 📊 Dashboard
G8: RA6: 12% global → 40.0% en Eval 3 | H8: RA7: 13% global → 43.3% en Eval 3 | I8: RA8: 5% global → 16.7% en Eval 3
B10: Nº | C10: Apellidos y Nombre | D10: UT6 (22h) | E10: UT7 (22h) | F10: UT8 (10h) | G10: RA6 (40.0%) | H10: RA7 (43.3%) | I10: 🏢 RA8 (16.7%) EMPRESA | J10: NOTA EVAL | K10: Resultado
B11: 1 | C11: =IFERROR('ISO · Alumnos'!C10&IF('ISO · Alumnos'!D10<>"",", "&'ISO · Alumnos'!D10,""),"") | G11: =IFERROR('ISO · Reg. Notas'!U11,"") | H11: =IFERROR('ISO · Reg. Notas'!V11,"") | I11: =IFERROR('ISO · Reg. Notas'!W11,"") | J11: =IFERROR(ROUND(G11*0.4+H11*0.433333+I11*0.166667,2),"") | K11: =IF(J11="","",IF(J11>=5,"APTO","NO APTO"))
B12: 2 | C12: =IFERROR('ISO · Alumnos'!C11&IF('ISO · Alumnos'!D11<>"",", "&'ISO · Alumnos'!D11,""),"") | G12: =IFERROR('ISO · Reg. Notas'!U12,"") | H12: =IFERROR('ISO · Reg. Notas'!V12,"") | I12: =IFERROR('ISO · Reg. Notas'!W12,"") | J12: =IFERROR(ROUND(G12*0.4+H12*0.433333+I12*0.166667,2),"") | K12: =IF(J12="","",IF(J12>=5,"APTO","NO APTO"))
B13: 3 | C13: =IFERROR('ISO · Alumnos'!C12&IF('ISO · Alumnos'!D12<>"",", "&'ISO · Alumnos'!D12,""),"") | G13: =IFERROR('ISO · Reg. Notas'!U13,"") | H13: =IFERROR('ISO · Reg. Notas'!V13,"") | I13: =IFERROR('ISO · Reg. Notas'!W13,"") | J13: =IFERROR(ROUND(G13*0.4+H13*0.433333+I13*0.166667,2),"") | K13: =IF(J13="","",IF(J13>=5,"APTO","NO APTO"))
B14: 4 | C14: =IFERROR('ISO · Alumnos'!C13&IF('ISO · Alumnos'!D13<>"",", "&'ISO · Alumnos'!D13,""),"") | G14: =IFERROR('ISO · Reg. Notas'!U14,"") | H14: =IFERROR('ISO · Reg. Notas'!V14,"") | I14: =IFERROR('ISO · Reg. Notas'!W14,"") | J14: =IFERROR(ROUND(G14*0.4+H14*0.433333+I14*0.166667,2),"") | K14: =IF(J14="","",IF(J14>=5,"APTO","NO APTO"))
B15: 5 | C15: =IFERROR('ISO · Alumnos'!C14&IF('ISO · Alumnos'!D14<>"",", "&'ISO · Alumnos'!D14,""),"") | G15: =IFERROR('ISO · Reg. Notas'!U15,"") | H15: =IFERROR('ISO · Reg. Notas'!V15,"") | I15: =IFERROR('ISO · Reg. Notas'!W15,"") | J15: =IFERROR(ROUND(G15*0.4+H15*0.433333+I15*0.166667,2),"") | K15: =IF(J15="","",IF(J15>=5,"APTO","NO APTO"))
B16: 6 | C16: =IFERROR('ISO · Alumnos'!C15&IF('ISO · Alumnos'!D15<>"",", "&'ISO · Alumnos'!D15,""),"") | G16: =IFERROR('ISO · Reg. Notas'!U16,"") | H16: =IFERROR('ISO · Reg. Notas'!V16,"") | I16: =IFERROR('ISO · Reg. Notas'!W16,"") | J16: =IFERROR(ROUND(G16*0.4+H16*0.433333+I16*0.166667,2),"") | K16: =IF(J16="","",IF(J16>=5,"APTO","NO APTO"))
B17: 7 | C17: =IFERROR('ISO · Alumnos'!C16&IF('ISO · Alumnos'!D16<>"",", "&'ISO · Alumnos'!D16,""),"") | G17: =IFERROR('ISO · Reg. Notas'!U17,"") | H17: =IFERROR('ISO · Reg. Notas'!V17,"") | I17: =IFERROR('ISO · Reg. Notas'!W17,"") | J17: =IFERROR(ROUND(G17*0.4+H17*0.433333+I17*0.166667,2),"") | K17: =IF(J17="","",IF(J17>=5,"APTO","NO APTO"))
B18: 8 | C18: =IFERROR('ISO · Alumnos'!C17&IF('ISO · Alumnos'!D17<>"",", "&'ISO · Alumnos'!D17,""),"") | G18: =IFERROR('ISO · Reg. Notas'!U18,"") | H18: =IFERROR('ISO · Reg. Notas'!V18,"") | I18: =IFERROR('ISO · Reg. Notas'!W18,"") | J18: =IFERROR(ROUND(G18*0.4+H18*0.433333+I18*0.166667,2),"") | K18: =IF(J18="","",IF(J18>=5,"APTO","NO APTO"))
B19: 9 | C19: =IFERROR('ISO · Alumnos'!C18&IF('ISO · Alumnos'!D18<>"",", "&'ISO · Alumnos'!D18,""),"") | G19: =IFERROR('ISO · Reg. Notas'!U19,"") | H19: =IFERROR('ISO · Reg. Notas'!V19,"") | I19: =IFERROR('ISO · Reg. Notas'!W19,"") | J19: =IFERROR(ROUND(G19*0.4+H19*0.433333+I19*0.166667,2),"") | K19: =IF(J19="","",IF(J19>=5,"APTO","NO APTO"))
B20: 10 | C20: =IFERROR('ISO · Alumnos'!C19&IF('ISO · Alumnos'!D19<>"",", "&'ISO · Alumnos'!D19,""),"") | G20: =IFERROR('ISO · Reg. Notas'!U20,"") | H20: =IFERROR('ISO · Reg. Notas'!V20,"") | I20: =IFERROR('ISO · Reg. Notas'!W20,"") | J20: =IFERROR(ROUND(G20*0.4+H20*0.433333+I20*0.166667,2),"") | K20: =IF(J20="","",IF(J20>=5,"APTO","NO APTO"))
B21: 11 | C21: =IFERROR('ISO · Alumnos'!C20&IF('ISO · Alumnos'!D20<>"",", "&'ISO · Alumnos'!D20,""),"") | G21: =IFERROR('ISO · Reg. Notas'!U21,"") | H21: =IFERROR('ISO · Reg. Notas'!V21,"") | I21: =IFERROR('ISO · Reg. Notas'!W21,"") | J21: =IFERROR(ROUND(G21*0.4+H21*0.433333+I21*0.166667,2),"") | K21: =IF(J21="","",IF(J21>=5,"APTO","NO APTO"))
B22: 12 | C22: =IFERROR('ISO · Alumnos'!C21&IF('ISO · Alumnos'!D21<>"",", "&'ISO · Alumnos'!D21,""),"") | G22: =IFERROR('ISO · Reg. Notas'!U22,"") | H22: =IFERROR('ISO · Reg. Notas'!V22,"") | I22: =IFERROR('ISO · Reg. Notas'!W22,"") | J22: =IFERROR(ROUND(G22*0.4+H22*0.433333+I22*0.166667,2),"") | K22: =IF(J22="","",IF(J22>=5,"APTO","NO APTO"))
... B40: 30 | C40: =IFERROR('ISO · Alumnos'!C39&IF('ISO · Alumnos'!D39<>"",", "&'ISO · Alumnos'!D39,""),"") | G40: =IFERROR('ISO · Reg. Notas'!U40,"") | H40: =IFERROR('ISO · Reg. Notas'!V40,"") | I40: =IFERROR('ISO · Reg. Notas'!W40,"") | J40: =IFERROR(ROUND(G40*0.4+H40*0.433333+I40*0.166667,2),"") | K40: =IF(J40="","",IF(J40>=5,"APTO","NO APTO"))

Sheet ISO · 1ªORD
B2: 🎓 Calificación Final — 1ª Convocatoria Ordinaria
B3: Nota final ponderada por Resultados de Aprendizaje · ISO 1º ASIR · 2026-2027
B5: =HYPERLINK("#Mis Módulos!A1","← Módulos") -> ← Módulos | C5: =HYPERLINK("#ISO · Programación!A1","📋 Programa") -> 📋 Programa | D5: =HYPERLINK("#ISO · Alumnos!A1","👥 Alumnos") -> 👥 Alumnos | E5: =HYPERLINK("#ISO · Actividades!A1","📝 Actividades") -> 📝 Actividades | F5: =HYPERLINK("#ISO · Reg. Notas!A1","📊 Reg. Notas") -> 📊 Reg. Notas | G5: =HYPERLINK("#ISO · Resumen!A1","📈 Resumen") -> 📈 Resumen | H5: =HYPERLINK("#ISO · Evaluación 1!A1","Eval 1") -> Eval 1 | I5: =HYPERLINK("#ISO · Evaluación 2!A1","Eval 2") -> Eval 2 | J5: =HYPERLINK("#ISO · Evaluación 3!A1","Eval 3") -> Eval 3 | K5: 1ª ORD | L5: =HYPERLINK("#ISO · 2ªORD!A1","2ª ORD") -> 2ª ORD | M5: =HYPERLINK("#ISO · Rúbricas!A1","🎯 Rúbricas") -> 🎯 Rúbricas | N5: =HYPERLINK("#ISO · Informe Grupo!A1","📊 Inf.Grupo") -> 📊 Inf.Grupo | O5: =HYPERLINK("#ISO · Boletín!A1","📄 Boletín") -> 📄 Boletín | P5: =HYPERLINK("#ISO · Dashboard!A1","📊 Dashboard") -> 📊 Dashboard
B8: Evaluación: | D8: EV1 | E8: EV1 | F8: EV2 | G8: EV2 | H8: EV2 | I8: EV3 | J8: EV3 | K8: EV3
B9: Ponderación: | D9: 13% | E9: 19% | F9: 9% | G9: 16% | H9: 13% | I9: 12% | J9: 13% | K9: 5% | L9: ≥5 → APTO
B10: Nº | C10: Apellidos y Nombre | D10: RA1 (13%) | E10: RA2 (19%) | F10: RA3 (9%) | G10: RA4 (16%) | H10: RA5 (13%) | I10: RA6 (12%) | J10: RA7 (13%) | K10: 🏢 RA8 (5%) EMPRESA | L10: Nota Final | M10: Resultado | N10: Observaciones
B11: 1 | C11: =IFERROR('ISO · Alumnos'!C10&IF('ISO · Alumnos'!D10<>"",", "&'ISO · Alumnos'!D10,""),"") | D11: =IFERROR('ISO · Reg. Notas'!P11,"") | E11: =IFERROR('ISO · Reg. Notas'!Q11,"") | F11: =IFERROR('ISO · Reg. Notas'!R11,"") | G11: =IFERROR('ISO · Reg. Notas'!S11,"") | H11: =IFERROR('ISO · Reg. Notas'!T11,"") | I11: =IFERROR('ISO · Reg. Notas'!U11,"") | J11: =IFERROR('ISO · Reg. Notas'!V11,"") | K11: =IFERROR('ISO · Reg. Notas'!W11,"") | L11: =IFERROR(ROUND(D11*0.13+E11*0.19+F11*0.09+G11*0.16+H11*0.13+I11*0.12+J11*0.13+K11*0.05,2),"") | M11: =IF(L11="","",IF(L11>=5,"APTO","NO APTO"))
B12: 2 | C12: =IFERROR('ISO · Alumnos'!C11&IF('ISO · Alumnos'!D11<>"",", "&'ISO · Alumnos'!D11,""),"") | D12: =IFERROR('ISO · Reg. Notas'!P12,"") | E12: =IFERROR('ISO · Reg. Notas'!Q12,"") | F12: =IFERROR('ISO · Reg. Notas'!R12,"") | G12: =IFERROR('ISO · Reg. Notas'!S12,"") | H12: =IFERROR('ISO · Reg. Notas'!T12,"") | I12: =IFERROR('ISO · Reg. Notas'!U12,"") | J12: =IFERROR('ISO · Reg. Notas'!V12,"") | K12: =IFERROR('ISO · Reg. Notas'!W12,"") | L12: =IFERROR(ROUND(D12*0.13+E12*0.19+F12*0.09+G12*0.16+H12*0.13+I12*0.12+J12*0.13+K12*0.05,2),"") | M12: =IF(L12="","",IF(L12>=5,"APTO","NO APTO"))
B13: 3 | C13: =IFERROR('ISO · Alumnos'!C12&IF('ISO · Alumnos'!D12<>"",", "&'ISO · Alumnos'!D12,""),"") | D13: =IFERROR('ISO · Reg. Notas'!P13,"") | E13: =IFERROR('ISO · Reg. Notas'!Q13,"") | F13: =IFERROR('ISO · Reg. Notas'!R13,"") | G13: =IFERROR('ISO · Reg. Notas'!S13,"") | H13: =IFERROR('ISO · Reg. Notas'!T13,"") | I13: =IFERROR('ISO · Reg. Notas'!U13,"") | J13: =IFERROR('ISO · Reg. Notas'!V13,"") | K13: =IFERROR('ISO · Reg. Notas'!W13,"") | L13: =IFERROR(ROUND(D13*0.13+E13*0.19+F13*0.09+G13*0.16+H13*0.13+I13*0.12+J13*0.13+K13*0.05,2),"") | M13: =IF(L13="","",IF(L13>=5,"APTO","NO APTO"))
B14: 4 | C14: =IFERROR('ISO · Alumnos'!C13&IF('ISO · Alumnos'!D13<>"",", "&'ISO · Alumnos'!D13,""),"") | D14: =IFERROR('ISO · Reg. Notas'!P14,"") | E14: =IFERROR('ISO · Reg. Notas'!Q14,"") | F14: =IFERROR('ISO · Reg. Notas'!R14,"") | G14: =IFERROR('ISO · Reg. Notas'!S14,"") | H14: =IFERROR('ISO · Reg. Notas'!T14,"") | I14: =IFERROR('ISO · Reg. Notas'!U14,"") | J14: =IFERROR('ISO · Reg. Notas'!V14,"") | K14: =IFERROR('ISO · Reg. Notas'!W14,"") | L14: =IFERROR(ROUND(D14*0.13+E14*0.19+F14*0.09+G14*0.16+H14*0.13+I14*0.12+J14*0.13+K14*0.05,2),"") | M14: =IF(L14="","",IF(L14>=5,"APTO","NO APTO"))
B15: 5 | C15: =IFERROR('ISO · Alumnos'!C14&IF('ISO · Alumnos'!D14<>"",", "&'ISO · Alumnos'!D14,""),"") | D15: =IFERROR('ISO · Reg. Notas'!P15,"") | E15: =IFERROR('ISO · Reg. Notas'!Q15,"") | F15: =IFERROR('ISO · Reg. Notas'!R15,"") | G15: =IFERROR('ISO · Reg. Notas'!S15,"") | H15: =IFERROR('ISO · Reg. Notas'!T15,"") | I15: =IFERROR('ISO · Reg. Notas'!U15,"") | J15: =IFERROR('ISO · Reg. Notas'!V15,"") | K15: =IFERROR('ISO · Reg. Notas'!W15,"") | L15: =IFERROR(ROUND(D15*0.13+E15*0.19+F15*0.09+G15*0.16+H15*0.13+I15*0.12+J15*0.13+K15*0.05,2),"") | M15: =IF(L15="","",IF(L15>=5,"APTO","NO APTO"))
B16: 6 | C16: =IFERROR('ISO · Alumnos'!C15&IF('ISO · Alumnos'!D15<>"",", "&'ISO · Alumnos'!D15,""),"") | D16: =IFERROR('ISO · Reg. Notas'!P16,"") | E16: =IFERROR('ISO · Reg. Notas'!Q16,"") | F16: =IFERROR('ISO · Reg. Notas'!R16,"") | G16: =IFERROR('ISO · Reg. Notas'!S16,"") | H16: =IFERROR('ISO · Reg. Notas'!T16,"") | I16: =IFERROR('ISO · Reg. Notas'!U16,"") | J16: =IFERROR('ISO · Reg. Notas'!V16,"") | K16: =IFERROR('ISO · Reg. Notas'!W16,"") | L16: =IFERROR(ROUND(D16*0.13+E16*0.19+F16*0.09+G16*0.16+H16*0.13+I16*0.12+J16*0.13+K16*0.05,2),"") | M16: =IF(L16="","",IF(L16>=5,"APTO","NO APTO"))
B17: 7 | C17: =IFERROR('ISO · Alumnos'!C16&IF('ISO · Alumnos'!D16<>"",", "&'ISO · Alumnos'!D16,""),"") | D17: =IFERROR('ISO · Reg. Notas'!P17,"") | E17: =IFERROR('ISO · Reg. Notas'!Q17,"") | F17: =IFERROR('ISO · Reg. Notas'!R17,"") | G17: =IFERROR('ISO · Reg. Notas'!S17,"") | H17: =IFERROR('ISO · Reg. Notas'!T17,"") | I17: =IFERROR('ISO · Reg. Notas'!U17,"") | J17: =IFERROR('ISO · Reg. Notas'!V17,"") | K17: =IFERROR('ISO · Reg. Notas'!W17,"") | L17: =IFERROR(ROUND(D17*0.13+E17*0.19+F17*0.09+G17*0.16+H17*0.13+I17*0.12+J17*0.13+K17*0.05,2),"") | M17: =IF(L17="","",IF(L17>=5,"APTO","NO APTO"))
B18: 8 | C18: =IFERROR('ISO · Alumnos'!C17&IF('ISO · Alumnos'!D17<>"",", "&'ISO · Alumnos'!D17,""),"") | D18: =IFERROR('ISO · Reg. Notas'!P18,"") | E18: =IFERROR('ISO · Reg. Notas'!Q18,"") | F18: =IFERROR('ISO · Reg. Notas'!R18,"") | G18: =IFERROR('ISO · Reg. Notas'!S18,"") | H18: =IFERROR('ISO · Reg. Notas'!T18,"") | I18: =IFERROR('ISO · Reg. Notas'!U18,"") | J18: =IFERROR('ISO · Reg. Notas'!V18,"") | K18: =IFERROR('ISO · Reg. Notas'!W18,"") | L18: =IFERROR(ROUND(D18*0.13+E18*0.19+F18*0.09+G18*0.16+H18*0.13+I18*0.12+J18*0.13+K18*0.05,2),"") | M18: =IF(L18="","",IF(L18>=5,"APTO","NO APTO"))
B19: 9 | C19: =IFERROR('ISO · Alumnos'!C18&IF('ISO · Alumnos'!D18<>"",", "&'ISO · Alumnos'!D18,""),"") | D19: =IFERROR('ISO · Reg. Notas'!P19,"") | E19: =IFERROR('ISO · Reg. Notas'!Q19,"") | F19: =IFERROR('ISO · Reg. Notas'!R19,"") | G19: =IFERROR('ISO · Reg. Notas'!S19,"") | H19: =IFERROR('ISO · Reg. Notas'!T19,"") | I19: =IFERROR('ISO · Reg. Notas'!U19,"") | J19: =IFERROR('ISO · Reg. Notas'!V19,"") | K19: =IFERROR('ISO · Reg. Notas'!W19,"") | L19: =IFERROR(ROUND(D19*0.13+E19*0.19+F19*0.09+G19*0.16+H19*0.13+I19*0.12+J19*0.13+K19*0.05,2),"") | M19: =IF(L19="","",IF(L19>=5,"APTO","NO APTO"))
B20: 10 | C20: =IFERROR('ISO · Alumnos'!C19&IF('ISO · Alumnos'!D19<>"",", "&'ISO · Alumnos'!D19,""),"") | D20: =IFERROR('ISO · Reg. Notas'!P20,"") | E20: =IFERROR('ISO · Reg. Notas'!Q20,"") | F20: =IFERROR('ISO · Reg. Notas'!R20,"") | G20: =IFERROR('ISO · Reg. Notas'!S20,"") | H20: =IFERROR('ISO · Reg. Notas'!T20,"") | I20: =IFERROR('ISO · Reg. Notas'!U20,"") | J20: =IFERROR('ISO · Reg. Notas'!V20,"") | K20: =IFERROR('ISO · Reg. Notas'!W20,"") | L20: =IFERROR(ROUND(D20*0.13+E20*0.19+F20*0.09+G20*0.16+H20*0.13+I20*0.12+J20*0.13+K20*0.05,2),"") | M20: =IF(L20="","",IF(L20>=5,"APTO","NO APTO"))
B21: 11 | C21: =IFERROR('ISO · Alumnos'!C20&IF('ISO · Alumnos'!D20<>"",", "&'ISO · Alumnos'!D20,""),"") | D21: =IFERROR('ISO · Reg. Notas'!P21,"") | E21: =IFERROR('ISO · Reg. Notas'!Q21,"") | F21: =IFERROR('ISO · Reg. Notas'!R21,"") | G21: =IFERROR('ISO · Reg. Notas'!S21,"") | H21: =IFERROR('ISO · Reg. Notas'!T21,"") | I21: =IFERROR('ISO · Reg. Notas'!U21,"") | J21: =IFERROR('ISO · Reg. Notas'!V21,"") | K21: =IFERROR('ISO · Reg. Notas'!W21,"") | L21: =IFERROR(ROUND(D21*0.13+E21*0.19+F21*0.09+G21*0.16+H21*0.13+I21*0.12+J21*0.13+K21*0.05,2),"") | M21: =IF(L21="","",IF(L21>=5,"APTO","NO APTO"))
B22: 12 | C22: =IFERROR('ISO · Alumnos'!C21&IF('ISO · Alumnos'!D21<>"",", "&'ISO · Alumnos'!D21,""),"") | D22: =IFERROR('ISO · Reg. Notas'!P22,"") | E22: =IFERROR('ISO · Reg. Notas'!Q22,"") | F22: =IFERROR('ISO · Reg. Notas'!R22,"") | G22: =IFERROR('ISO · Reg. Notas'!S22,"") | H22: =IFERROR('ISO · Reg. Notas'!T22,"") | I22: =IFERROR('ISO · Reg. Notas'!U22,"") | J22: =IFERROR('ISO · Reg. Notas'!V22,"") | K22: =IFERROR('ISO · Reg. Notas'!W22,"") | L22: =IFERROR(ROUND(D22*0.13+E22*0.19+F22*0.09+G22*0.16+H22*0.13+I22*0.12+J22*0.13+K22*0.05,2),"") | M22: =IF(L22="","",IF(L22>=5,"APTO","NO APTO"))
... B40: 30 | C40: =IFERROR('ISO · Alumnos'!C39&IF('ISO · Alumnos'!D39<>"",", "&'ISO · Alumnos'!D39,""),"") | D40: =IFERROR('ISO · Reg. Notas'!P40,"") | E40: =IFERROR('ISO · Reg. Notas'!Q40,"") | F40: =IFERROR('ISO · Reg. Notas'!R40,"") | G40: =IFERROR('ISO · Reg. Notas'!S40,"") | H40: =IFERROR('ISO · Reg. Notas'!T40,"") | I40: =IFERROR('ISO · Reg. Notas'!U40,"") | J40: =IFERROR('ISO · Reg. Notas'!V40,"") | K40: =IFERROR('ISO · Reg. Notas'!W40,"") | L40: =IFERROR(ROUND(D40*0.13+E40*0.19+F40*0.09+G40*0.16+H40*0.13+I40*0.12+J40*0.13+K40*0.05,2),"") | M40: =IF(L40="","",IF(L40>=5,"APTO","NO APTO"))
B42: GRUPO | D42: =IFERROR(ROUND(AVERAGE(D11:D40),2),"") | E42: =IFERROR(ROUND(AVERAGE(E11:E40),2),"") | F42: =IFERROR(ROUND(AVERAGE(F11:F40),2),"") | G42: =IFERROR(ROUND(AVERAGE(G11:G40),2),"") | H42: =IFERROR(ROUND(AVERAGE(H11:H40),2),"") | I42: =IFERROR(ROUND(AVERAGE(I11:I40),2),"") | J42: =IFERROR(ROUND(AVERAGE(J11:J40),2),"") | K42: =IFERROR(ROUND(AVERAGE(K11:K40),2),"") | L42: =IFERROR(ROUND(AVERAGE(L11:L40),2),"") | M42: =IFERROR(TEXT(COUNTIF(M11:M40,"APTO")/COUNTA(M11:M40),"0%"),"") -> 0%
B44: 🏢 EVALUACIÓN DUAL — Instrucciones y Justificación
B45: RA8 — Resolución de incidencias y asistencia técnica — se evalúa en modalidad DUAL de acuerdo con el artículo 42 de la Ley Orgánica 3/2022 de ordenación e integración de la FP, que obliga a dualizar un mínimo del 10% de los Resultados de Aprendizaje. Se ha seleccionado este RA por ser el de mayor aplicabilidad en entorno laboral real (gestión de incidencias ITIL, WDS/MDT, VPN, acceso remoto), el de menor peso ponderado (5% = 0,05 de la nota final) y el que más naturalmente puede ser evaluado por un tutor de empresa sin necesidad de instrumentos técnicos específicos del centro. La calificación la otorga el tutor/a de empresa y se incorpora directamente a la columna RA8 de la hoja 1ªORD. NOTA IMPORTANTE: En el caso de que este RA no llegue a impartirse en el centro educativo por falta de tiempo lectivo, la evaluación recae íntegramente (100%) en el tutor/a de empresa. Esta circunstancia está prevista y amparada por la modalidad dual: el alumno/a adquiere y demuestra los contenidos de este RA exclusivamente en el entorno de trabajo, y la calificación del tutor/a de empresa es la única que computa para este RA. El peso en la nota final del módulo sigue siendo el mismo: 5% (0,05).
B46: → Introduce la nota de la empresa en la columna RA8 (columna K, fondo verde). Peso en nota final: 5% = 0.05 puntos. Base legal: Ley Orgánica 3/2022, art. 42.

Sheet ISO · 2ªORD
B2: 📋 Calificación Final — 2ª Convocatoria Extraordinaria
B3: Solo alumnado NO APTO en 1ª Convocatoria · ISO 1º ASIR · 2026-2027
B5: =HYPERLINK("#Mis Módulos!A1","← Módulos") -> ← Módulos | C5: =HYPERLINK("#ISO · Programación!A1","📋 Programa") -> 📋 Programa | D5: =HYPERLINK("#ISO · Alumnos!A1","👥 Alumnos") -> 👥 Alumnos | E5: =HYPERLINK("#ISO · Actividades!A1","📝 Actividades") -> 📝 Actividades | F5: =HYPERLINK("#ISO · Reg. Notas!A1","📊 Reg. Notas") -> 📊 Reg. Notas | G5: =HYPERLINK("#ISO · Resumen!A1","📈 Resumen") -> 📈 Resumen | H5: =HYPERLINK("#ISO · Evaluación 1!A1","Eval 1") -> Eval 1 | I5: =HYPERLINK("#ISO · Evaluación 2!A1","Eval 2") -> Eval 2 | J5: =HYPERLINK("#ISO · Evaluación 3!A1","Eval 3") -> Eval 3 | K5: =HYPERLINK("#ISO · 1ªORD!A1","1ª ORD") -> 1ª ORD | L5: 2ª ORD | M5: =HYPERLINK("#ISO · Rúbricas!A1","🎯 Rúbricas") -> 🎯 Rúbricas | N5: =HYPERLINK("#ISO · Informe Grupo!A1","📊 Inf.Grupo") -> 📊 Inf.Grupo | O5: =HYPERLINK("#ISO · Boletín!A1","📄 Boletín") -> 📄 Boletín | P5: =HYPERLINK("#ISO · Dashboard!A1","📊 Dashboard") -> 📊 Dashboard
B8: ℹ️ Registra únicamente el alumnado con resultado NO APTO en 1ª Convocatoria. Introduce el número de alumno/a (columna B) para que el nombre y la nota de 1ªORD se auto-rellenen. La nota extraordinaria sustituye la nota final del módulo.
D9: ← Auto desde 1ªORD col L
B10: Nº alumno | C10: Apellidos y Nombre | D10: Nota 1ªORD | E10: Nota 2ªORD (Extraordinaria) | F10: Nota Final (computa) | G10: Resultado | H10: Observaciones
C11: =IFERROR(IF(B11="","",INDEX('ISO · Alumnos'!C:C,9+B11)&", "&INDEX('ISO · Alumnos'!D:D,9+B11)),"") | D11: =IFERROR(IF(B11="","",INDEX('ISO · 1ªORD'!L:L,10+B11)),"") | F11: =IF(E11="",IF(D11="","",D11),E11) | G11: =IF(F11="","",IF(F11>=5,"APTO","NO APTO"))
C12: =IFERROR(IF(B12="","",INDEX('ISO · Alumnos'!C:C,9+B12)&", "&INDEX('ISO · Alumnos'!D:D,9+B12)),"") | D12: =IFERROR(IF(B12="","",INDEX('ISO · 1ªORD'!L:L,10+B12)),"") | F12: =IF(E12="",IF(D12="","",D12),E12) | G12: =IF(F12="","",IF(F12>=5,"APTO","NO APTO"))
C13: =IFERROR(IF(B13="","",INDEX('ISO · Alumnos'!C:C,9+B13)&", "&INDEX('ISO · Alumnos'!D:D,9+B13)),"") | D13: =IFERROR(IF(B13="","",INDEX('ISO · 1ªORD'!L:L,10+B13)),"") | F13: =IF(E13="",IF(D13="","",D13),E13) | G13: =IF(F13="","",IF(F13>=5,"APTO","NO APTO"))
C14: =IFERROR(IF(B14="","",INDEX('ISO · Alumnos'!C:C,9+B14)&", "&INDEX('ISO · Alumnos'!D:D,9+B14)),"") | D14: =IFERROR(IF(B14="","",INDEX('ISO · 1ªORD'!L:L,10+B14)),"") | F14: =IF(E14="",IF(D14="","",D14),E14) | G14: =IF(F14="","",IF(F14>=5,"APTO","NO APTO"))
C15: =IFERROR(IF(B15="","",INDEX('ISO · Alumnos'!C:C,9+B15)&", "&INDEX('ISO · Alumnos'!D:D,9+B15)),"") | D15: =IFERROR(IF(B15="","",INDEX('ISO · 1ªORD'!L:L,10+B15)),"") | F15: =IF(E15="",IF(D15="","",D15),E15) | G15: =IF(F15="","",IF(F15>=5,"APTO","NO APTO"))
C16: =IFERROR(IF(B16="","",INDEX('ISO · Alumnos'!C:C,9+B16)&", "&INDEX('ISO · Alumnos'!D:D,9+B16)),"") | D16: =IFERROR(IF(B16="","",INDEX('ISO · 1ªORD'!L:L,10+B16)),"") | F16: =IF(E16="",IF(D16="","",D16),E16) | G16: =IF(F16="","",IF(F16>=5,"APTO","NO APTO"))
C17: =IFERROR(IF(B17="","",INDEX('ISO · Alumnos'!C:C,9+B17)&", "&INDEX('ISO · Alumnos'!D:D,9+B17)),"") | D17: =IFERROR(IF(B17="","",INDEX('ISO · 1ªORD'!L:L,10+B17)),"") | F17: =IF(E17="",IF(D17="","",D17),E17) | G17: =IF(F17="","",IF(F17>=5,"APTO","NO APTO"))
C18: =IFERROR(IF(B18="","",INDEX('ISO · Alumnos'!C:C,9+B18)&", "&INDEX('ISO · Alumnos'!D:D,9+B18)),"") | D18: =IFERROR(IF(B18="","",INDEX('ISO · 1ªORD'!L:L,10+B18)),"") | F18: =IF(E18="",IF(D18="","",D18),E18) | G18: =IF(F18="","",IF(F18>=5,"APTO","NO APTO"))
C19: =IFERROR(IF(B19="","",INDEX('ISO · Alumnos'!C:C,9+B19)&", "&INDEX('ISO · Alumnos'!D:D,9+B19)),"") | D19: =IFERROR(IF(B19="","",INDEX('ISO · 1ªORD'!L:L,10+B19)),"") | F19: =IF(E19="",IF(D19="","",D19),E19) | G19: =IF(F19="","",IF(F19>=5,"APTO","NO APTO"))
C20: =IFERROR(IF(B20="","",INDEX('ISO · Alumnos'!C:C,9+B20)&", "&INDEX('ISO · Alumnos'!D:D,9+B20)),"") | D20: =IFERROR(IF(B20="","",INDEX('ISO · 1ªORD'!L:L,10+B20)),"") | F20: =IF(E20="",IF(D20="","",D20),E20) | G20: =IF(F20="","",IF(F20>=5,"APTO","NO APTO"))
C21: =IFERROR(IF(B21="","",INDEX('ISO · Alumnos'!C:C,9+B21)&", "&INDEX('ISO · Alumnos'!D:D,9+B21)),"") | D21: =IFERROR(IF(B21="","",INDEX('ISO · 1ªORD'!L:L,10+B21)),"") | F21: =IF(E21="",IF(D21="","",D21),E21) | G21: =IF(F21="","",IF(F21>=5,"APTO","NO APTO"))
C22: =IFERROR(IF(B22="","",INDEX('ISO · Alumnos'!C:C,9+B22)&", "&INDEX('ISO · Alumnos'!D:D,9+B22)),"") | D22: =IFERROR(IF(B22="","",INDEX('ISO · 1ªORD'!L:L,10+B22)),"") | F22: =IF(E22="",IF(D22="","",D22),E22) | G22: =IF(F22="","",IF(F22>=5,"APTO","NO APTO"))
... C30: =IFERROR(IF(B30="","",INDEX('ISO · Alumnos'!C:C,9+B30)&", "&INDEX('ISO · Alumnos'!D:D,9+B30)),"") | D30: =IFERROR(IF(B30="","",INDEX('ISO · 1ªORD'!L:L,10+B30)),"") | F30: =IF(E30="",IF(D30="","",D30),E30) | G30: =IF(F30="","",IF(F30>=5,"APTO","NO APTO"))
B32: ★ Introduce el número de alumno/a (1-30) en columna B. El nombre y la nota de 1ªORD se cargarán automáticamente. El alumnado APTO en 1ª convocatoria no debe aparecer aquí.

Sheet ISO · Rúbricas
B2: 🎯 Rúbricas de Evaluación — ISO 1º ASIR
B3: Indicadores de logro por Resultado de Aprendizaje · Implantación de Sistemas Operativos · 2026-2027
B5: =HYPERLINK("#Mis Módulos!A1","← Módulos") -> ← Módulos | C5: =HYPERLINK("#ISO · Programación!A1","📋 Programa") -> 📋 Programa | D5: =HYPERLINK("#ISO · Alumnos!A1","👥 Alumnos") -> 👥 Alumnos | E5: =HYPERLINK("#ISO · Actividades!A1","📝 Actividades") -> 📝 Actividades | F5: =HYPERLINK("#ISO · Reg. Notas!A1","📊 Reg. Notas") -> 📊 Reg. Notas | G5: =HYPERLINK("#ISO · Resumen!A1","📈 Resumen") -> 📈 Resumen | H5: =HYPERLINK("#ISO · Evaluación 1!A1","Eval 1") -> Eval 1 | I5: =HYPERLINK("#ISO · Evaluación 2!A1","Eval 2") -> Eval 2 | J5: =HYPERLINK("#ISO · Evaluación 3!A1","Eval 3") -> Eval 3 | K5: =HYPERLINK("#ISO · 1ªORD!A1","1ª ORD") -> 1ª ORD | L5: =HYPERLINK("#ISO · 2ªORD!A1","2ª ORD") -> 2ª ORD | M5: 🎯 Rúbricas | N5: =HYPERLINK("#ISO · Informe Grupo!A1","📊 Inf.Grupo") -> 📊 Inf.Grupo | O5: =HYPERLINK("#ISO · Boletín!A1","📄 Boletín") -> 📄 Boletín | P5: =HYPERLINK("#ISO · Dashboard!A1","📊 Dashboard") -> 📊 Dashboard
B8: ℹ️ Rúbricas generadas automáticamente desde la Programación. Los descriptores son orientativos — edítalos para adaptarlos a tu módulo y actividades. Peso CE: distribución equitativa por defecto (modifica si lo necesitas).
B9: RA1 · EV1 · Pond. 13% — Instala sistemas operativos, relacionando sus características con el hardware del equipo y el software de aplicación.
B10: CE / Indicador | C10: Nivel 1 No Alcanzado (0 – 4) | D10: Nivel 2 En Proceso (5 – 6) | E10: Nivel 3 Alcanzado (7 – 8) | F10: Nivel 4 Sobresaliente (9 – 10) | G10: Peso en RA
B11: CR1 | C11: No identifica CR1 ni lo aplica en el contexto de Instala sistemas operativos. | D11: Identifica CR1 con ayuda; lo aplica con errores o de forma incompleta. | E11: Aplica CR1 de forma correcta y autónoma en situaciones habituales. | F11: Aplica CR1 con criterio propio en situaciones nuevas; propone mejoras. | G11: 12.5%
B12: CR2 | C12: No identifica CR2 ni lo aplica en el contexto de Instala sistemas operativos. | D12: Identifica CR2 con ayuda; lo aplica con errores o de forma incompleta. | E12: Aplica CR2 de forma correcta y autónoma en situaciones habituales. | F12: Aplica CR2 con criterio propio en situaciones nuevas; propone mejoras. | G12: 12.5%
B13: CR3 | C13: No identifica CR3 ni lo aplica en el contexto de Instala sistemas operativos. | D13: Identifica CR3 con ayuda; lo aplica con errores o de forma incompleta. | E13: Aplica CR3 de forma correcta y autónoma en situaciones habituales. | F13: Aplica CR3 con criterio propio en situaciones nuevas; propone mejoras. | G13: 12.5%
B14: CR4 | C14: No identifica CR4 ni lo aplica en el contexto de Instala sistemas operativos. | D14: Identifica CR4 con ayuda; lo aplica con errores o de forma incompleta. | E14: Aplica CR4 de forma correcta y autónoma en situaciones habituales. | F14: Aplica CR4 con criterio propio en situaciones nuevas; propone mejoras. | G14: 12.5%
B15: CR5 | C15: No identifica CR5 ni lo aplica en el contexto de Instala sistemas operativos. | D15: Identifica CR5 con ayuda; lo aplica con errores o de forma incompleta. | E15: Aplica CR5 de forma correcta y autónoma en situaciones habituales. | F15: Aplica CR5 con criterio propio en situaciones nuevas; propone mejoras. | G15: 12.5%
B16: CR6 | C16: No identifica CR6 ni lo aplica en el contexto de Instala sistemas operativos. | D16: Identifica CR6 con ayuda; lo aplica con errores o de forma incompleta. | E16: Aplica CR6 de forma correcta y autónoma en situaciones habituales. | F16: Aplica CR6 con criterio propio en situaciones nuevas; propone mejoras. | G16: 12.5%
B17: CR7 | C17: No identifica CR7 ni lo aplica en el contexto de Instala sistemas operativos. | D17: Identifica CR7 con ayuda; lo aplica con errores o de forma incompleta. | E17: Aplica CR7 de forma correcta y autónoma en situaciones habituales. | F17: Aplica CR7 con criterio propio en situaciones nuevas; propone mejoras. | G17: 12.5%
B18: CR8 | C18: No identifica CR8 ni lo aplica en el contexto de Instala sistemas operativos. | D18: Identifica CR8 con ayuda; lo aplica con errores o de forma incompleta. | E18: Aplica CR8 de forma correcta y autónoma en situaciones habituales. | F18: Aplica CR8 con criterio propio en situaciones nuevas; propone mejoras. | G18: 12.5%
B19: Total: 8 indicadores · Nota RA: media ponderada de niveles × 2.5 (Nivel 1=0-4 · Nivel 2=5-6 · Nivel 3=7-8 · Nivel 4=9-10) | G19: 100%
B21: RA2 · EV1 · Pond. 19% — Gestiona el software de base, aplicando criterios de explotación del sistema.
B22: CE / Indicador | C22: Nivel 1 No Alcanzado (0 – 4) | D22: Nivel 2 En Proceso (5 – 6) | E22: Nivel 3 Alcanzado (7 – 8) | F22: Nivel 4 Sobresaliente (9 – 10) | G22: Peso en RA
B23: CR1 | C23: No identifica CR1 ni lo aplica en el contexto de Gestiona el software de base. | D23: Identifica CR1 con ayuda; lo aplica con errores o de forma incompleta. | E23: Aplica CR1 de forma correcta y autónoma en situaciones habituales. | F23: Aplica CR1 con criterio propio en situaciones nuevas; propone mejoras. | G23: 5.3%
B24: CR2 | C24: No identifica CR2 ni lo aplica en el contexto de Gestiona el software de base. | D24: Identifica CR2 con ayuda; lo aplica con errores o de forma incompleta. | E24: Aplica CR2 de forma correcta y autónoma en situaciones habituales. | F24: Aplica CR2 con criterio propio en situaciones nuevas; propone mejoras. | G24: 5.3%
B25: CR3 | C25: No identifica CR3 ni lo aplica en el contexto de Gestiona el software de base. | D25: Identifica CR3 con ayuda; lo aplica con errores o de forma incompleta. | E25: Aplica CR3 de forma correcta y autónoma en situaciones habituales. | F25: Aplica CR3 con criterio propio en situaciones nuevas; propone mejoras. | G25: 5.3%
B26: CR4 | C26: No identifica CR4 ni lo aplica en el contexto de Gestiona el software de base. | D26: Identifica CR4 con ayuda; lo aplica con errores o de forma incompleta. | E26: Aplica CR4 de forma correcta y autónoma en situaciones habituales. | F26: Aplica CR4 con criterio propio en situaciones nuevas; propone mejoras. | G26: 5.3%
B27: CR5 | C27: No identifica CR5 ni lo aplica en el contexto de Gestiona el software de base. | D27: Identifica CR5 con ayuda; lo aplica con errores o de forma incompleta. | E27: Aplica CR5 de forma correcta y autónoma en situaciones habituales. | F27: Aplica CR5 con criterio propio en situaciones nuevas; propone mejoras. | G27: 5.3%
B28: CR6 | C28: No identifica CR6 ni lo aplica en el contexto de Gestiona el software de base. | D28: Identifica CR6 con ayuda; lo aplica con errores o de forma incompleta. | E28: Aplica CR6 de forma correcta y autónoma en situaciones habituales. | F28: Aplica CR6 con criterio propio en situaciones nuevas; propone mejoras. | G28: 5.3%
B29: CR7 | C29: No identifica CR7 ni lo aplica en el contexto de Gestiona el software de base. | D29: Identifica CR7 con ayuda; lo aplica con errores o de forma incompleta. | E29: Aplica CR7 de forma correcta y autónoma en situaciones habituales. | F29: Aplica CR7 con criterio propio en situaciones nuevas; propone mejoras. | G29: 5.3%
B30: CR8 | C30: No identifica CR8 ni lo aplica en el contexto de Gestiona el software de base. | D30: Identifica CR8 con ayuda; lo aplica con errores o de forma incompleta. | E30: Aplica CR8 de forma correcta y autónoma en situaciones habituales. | F30: Aplica CR8 con criterio propio en situaciones nuevas; propone mejoras. | G30: 5.3%
B31: CR9 | C31: No identifica CR9 ni lo aplica en el contexto de Gestiona el software de base. | D31: Identifica CR9 con ayuda; lo aplica con errores o de forma incompleta. | E31: Aplica CR9 de forma correcta y autónoma en situaciones habituales. | F31: Aplica CR9 con criterio propio en situaciones nuevas; propone mejoras. | G31: 5.3%
B32: CR10 | C32: No identifica CR10 ni lo aplica en el contexto de Gestiona el software de base. | D32: Identifica CR10 con ayuda; lo aplica con errores o de forma incompleta. | E32: Aplica CR10 de forma correcta y autónoma en situaciones habituales. | F32: Aplica CR10 con criterio propio en situaciones nuevas; propone mejoras. | G32: 5.3%
B33: CR11 | C33: No identifica CR11 ni lo aplica en el contexto de Gestiona el software de base. | D33: Identifica CR11 con ayuda; lo aplica con errores o de forma incompleta. | E33: Aplica CR11 de forma correcta y autónoma en situaciones habituales. | F33: Aplica CR11 con criterio propio en situaciones nuevas; propone mejoras. | G33: 5.3%
... B41: CR19 | C41: No identifica CR19 ni lo aplica en el contexto de Gestiona el software de base. | D41: Identifica CR19 con ayuda; lo aplica con errores o de forma incompleta. | E41: Aplica CR19 de forma correcta y autónoma en situaciones habituales. | F41: Aplica CR19 con criterio propio en situaciones nuevas; propone mejoras. | G41: 5.3%
B42: Total: 19 indicadores · Nota RA: media ponderada de niveles × 2.5 (Nivel 1=0-4 · Nivel 2=5-6 · Nivel 3=7-8 · Nivel 4=9-10) | G42: 100%
B44: RA3 · EV2 · Pond. 9% — Asegura y recupera el sistema, aplicando procedimientos de administración de la información.
B45: CE / Indicador | C45: Nivel 1 No Alcanzado (0 – 4) | D45: Nivel 2 En Proceso (5 – 6) | E45: Nivel 3 Alcanzado (7 – 8) | F45: Nivel 4 Sobresaliente (9 – 10) | G45: Peso en RA
B46: CR1 | C46: No identifica CR1 ni lo aplica en el contexto de Asegura y recupera el sistema. | D46: Identifica CR1 con ayuda; lo aplica con errores o de forma incompleta. | E46: Aplica CR1 de forma correcta y autónoma en situaciones habituales. | F46: Aplica CR1 con criterio propio en situaciones nuevas; propone mejoras. | G46: 12.5%
B47: CR2 | C47: No identifica CR2 ni lo aplica en el contexto de Asegura y recupera el sistema. | D47: Identifica CR2 con ayuda; lo aplica con errores o de forma incompleta. | E47: Aplica CR2 de forma correcta y autónoma en situaciones habituales. | F47: Aplica CR2 con criterio propio en situaciones nuevas; propone mejoras. | G47: 12.5%
B48: CR3 | C48: No identifica CR3 ni lo aplica en el contexto de Asegura y recupera el sistema. | D48: Identifica CR3 con ayuda; lo aplica con errores o de forma incompleta. | E48: Aplica CR3 de forma correcta y autónoma en situaciones habituales. | F48: Aplica CR3 con criterio propio en situaciones nuevas; propone mejoras. | G48: 12.5%
B49: CR4 | C49: No identifica CR4 ni lo aplica en el contexto de Asegura y recupera el sistema. | D49: Identifica CR4 con ayuda; lo aplica con errores o de forma incompleta. | E49: Aplica CR4 de forma correcta y autónoma en situaciones habituales. | F49: Aplica CR4 con criterio propio en situaciones nuevas; propone mejoras. | G49: 12.5%
B50: CR5 | C50: No identifica CR5 ni lo aplica en el contexto de Asegura y recupera el sistema. | D50: Identifica CR5 con ayuda; lo aplica con errores o de forma incompleta. | E50: Aplica CR5 de forma correcta y autónoma en situaciones habituales. | F50: Aplica CR5 con criterio propio en situaciones nuevas; propone mejoras. | G50: 12.5%
B51: CR6 | C51: No identifica CR6 ni lo aplica en el contexto de Asegura y recupera el sistema. | D51: Identifica CR6 con ayuda; lo aplica con errores o de forma incompleta. | E51: Aplica CR6 de forma correcta y autónoma en situaciones habituales. | F51: Aplica CR6 con criterio propio en situaciones nuevas; propone mejoras. | G51: 12.5%
B52: CR7 | C52: No identifica CR7 ni lo aplica en el contexto de Asegura y recupera el sistema. | D52: Identifica CR7 con ayuda; lo aplica con errores o de forma incompleta. | E52: Aplica CR7 de forma correcta y autónoma en situaciones habituales. | F52: Aplica CR7 con criterio propio en situaciones nuevas; propone mejoras. | G52: 12.5%
B53: CR8 | C53: No identifica CR8 ni lo aplica en el contexto de Asegura y recupera el sistema. | D53: Identifica CR8 con ayuda; lo aplica con errores o de forma incompleta. | E53: Aplica CR8 de forma correcta y autónoma en situaciones habituales. | F53: Aplica CR8 con criterio propio en situaciones nuevas; propone mejoras. | G53: 12.5%
B54: Total: 8 indicadores · Nota RA: media ponderada de niveles × 2.5 (Nivel 1=0-4 · Nivel 2=5-6 · Nivel 3=7-8 · Nivel 4=9-10) | G54: 100%
B56: RA4 · EV2 · Pond. 16% — Gestiona dominios, elaborando el modelo lógico de la red en un entorno de trabajo.
B57: CE / Indicador | C57: Nivel 1 No Alcanzado (0 – 4) | D57: Nivel 2 En Proceso (5 – 6) | E57: Nivel 3 Alcanzado (7 – 8) | F57: Nivel 4 Sobresaliente (9 – 10) | G57: Peso en RA
B58: CR1 | C58: No identifica CR1 ni lo aplica en el contexto de Gestiona dominios. | D58: Identifica CR1 con ayuda; lo aplica con errores o de forma incompleta. | E58: Aplica CR1 de forma correcta y autónoma en situaciones habituales. | F58: Aplica CR1 con criterio propio en situaciones nuevas; propone mejoras. | G58: 12.5%
B59: CR2 | C59: No identifica CR2 ni lo aplica en el contexto de Gestiona dominios. | D59: Identifica CR2 con ayuda; lo aplica con errores o de forma incompleta. | E59: Aplica CR2 de forma correcta y autónoma en situaciones habituales. | F59: Aplica CR2 con criterio propio en situaciones nuevas; propone mejoras. | G59: 12.5%
B60: CR3 | C60: No identifica CR3 ni lo aplica en el contexto de Gestiona dominios. | D60: Identifica CR3 con ayuda; lo aplica con errores o de forma incompleta. | E60: Aplica CR3 de forma correcta y autónoma en situaciones habituales. | F60: Aplica CR3 con criterio propio en situaciones nuevas; propone mejoras. | G60: 12.5%
B61: CR4 | C61: No identifica CR4 ni lo aplica en el contexto de Gestiona dominios. | D61: Identifica CR4 con ayuda; lo aplica con errores o de forma incompleta. | E61: Aplica CR4 de forma correcta y autónoma en situaciones habituales. | F61: Aplica CR4 con criterio propio en situaciones nuevas; propone mejoras. | G61: 12.5%
B62: CR5 | C62: No identifica CR5 ni lo aplica en el contexto de Gestiona dominios. | D62: Identifica CR5 con ayuda; lo aplica con errores o de forma incompleta. | E62: Aplica CR5 de forma correcta y autónoma en situaciones habituales. | F62: Aplica CR5 con criterio propio en situaciones nuevas; propone mejoras. | G62: 12.5%
B63: CR6 | C63: No identifica CR6 ni lo aplica en el contexto de Gestiona dominios. | D63: Identifica CR6 con ayuda; lo aplica con errores o de forma incompleta. | E63: Aplica CR6 de forma correcta y autónoma en situaciones habituales. | F63: Aplica CR6 con criterio propio en situaciones nuevas; propone mejoras. | G63: 12.5%
B64: CR7 | C64: No identifica CR7 ni lo aplica en el contexto de Gestiona dominios. | D64: Identifica CR7 con ayuda; lo aplica con errores o de forma incompleta. | E64: Aplica CR7 de forma correcta y autónoma en situaciones habituales. | F64: Aplica CR7 con criterio propio en situaciones nuevas; propone mejoras. | G64: 12.5%
B65: CR8 | C65: No identifica CR8 ni lo aplica en el contexto de Gestiona dominios. | D65: Identifica CR8 con ayuda; lo aplica con errores o de forma incompleta. | E65: Aplica CR8 de forma correcta y autónoma en situaciones habituales. | F65: Aplica CR8 con criterio propio en situaciones nuevas; propone mejoras. | G65: 12.5%
B66: Total: 8 indicadores · Nota RA: media ponderada de niveles × 2.5 (Nivel 1=0-4 · Nivel 2=5-6 · Nivel 3=7-8 · Nivel 4=9-10) | G66: 100%
B68: RA5 · EV2 · Pond. 13% — Administra el acceso al dominio, gestionando servidores de directorio y verificando el acceso de los usuarios.
B69: CE / Indicador | C69: Nivel 1 No Alcanzado (0 – 4) | D69: Nivel 2 En Proceso (5 – 6) | E69: Nivel 3 Alcanzado (7 – 8) | F69: Nivel 4 Sobresaliente (9 – 10) | G69: Peso en RA
B70: CR1 | C70: No identifica CR1 ni lo aplica en el contexto de Administra el acceso al dominio. | D70: Identifica CR1 con ayuda; lo aplica con errores o de forma incompleta. | E70: Aplica CR1 de forma correcta y autónoma en situaciones habituales. | F70: Aplica CR1 con criterio propio en situaciones nuevas; propone mejoras. | G70: 12.5%
B71: CR2 | C71: No identifica CR2 ni lo aplica en el contexto de Administra el acceso al dominio. | D71: Identifica CR2 con ayuda; lo aplica con errores o de forma incompleta. | E71: Aplica CR2 de forma correcta y autónoma en situaciones habituales. | F71: Aplica CR2 con criterio propio en situaciones nuevas; propone mejoras. | G71: 12.5%
B72: CR3 | C72: No identifica CR3 ni lo aplica en el contexto de Administra el acceso al dominio. | D72: Identifica CR3 con ayuda; lo aplica con errores o de forma incompleta. | E72: Aplica CR3 de forma correcta y autónoma en situaciones habituales. | F72: Aplica CR3 con criterio propio en situaciones nuevas; propone mejoras. | G72: 12.5%
B73: CR4 | C73: No identifica CR4 ni lo aplica en el contexto de Administra el acceso al dominio. | D73: Identifica CR4 con ayuda; lo aplica con errores o de forma incompleta. | E73: Aplica CR4 de forma correcta y autónoma en situaciones habituales. | F73: Aplica CR4 con criterio propio en situaciones nuevas; propone mejoras. | G73: 12.5%
B74: CR5 | C74: No identifica CR5 ni lo aplica en el contexto de Administra el acceso al dominio. | D74: Identifica CR5 con ayuda; lo aplica con errores o de forma incompleta. | E74: Aplica CR5 de forma correcta y autónoma en situaciones habituales. | F74: Aplica CR5 con criterio propio en situaciones nuevas; propone mejoras. | G74: 12.5%
B75: CR6 | C75: No identifica CR6 ni lo aplica en el contexto de Administra el acceso al dominio. | D75: Identifica CR6 con ayuda; lo aplica con errores o de forma incompleta. | E75: Aplica CR6 de forma correcta y autónoma en situaciones habituales. | F75: Aplica CR6 con criterio propio en situaciones nuevas; propone mejoras. | G75: 12.5%
B76: CR7 | C76: No identifica CR7 ni lo aplica en el contexto de Administra el acceso al dominio. | D76: Identifica CR7 con ayuda; lo aplica con errores o de forma incompleta. | E76: Aplica CR7 de forma correcta y autónoma en situaciones habituales. | F76: Aplica CR7 con criterio propio en situaciones nuevas; propone mejoras. | G76: 12.5%
B77: CR8 | C77: No identifica CR8 ni lo aplica en el contexto de Administra el acceso al dominio. | D77: Identifica CR8 con ayuda; lo aplica con errores o de forma incompleta. | E77: Aplica CR8 de forma correcta y autónoma en situaciones habituales. | F77: Aplica CR8 con criterio propio en situaciones nuevas; propone mejoras. | G77: 12.5%
B78: Total: 8 indicadores · Nota RA: media ponderada de niveles × 2.5 (Nivel 1=0-4 · Nivel 2=5-6 · Nivel 3=7-8 · Nivel 4=9-10) | G78: 100%
B80: RA6 · EV3 · Pond. 12% — Supervisa el rendimiento del sistema, diagnosticando las causas de pérdidas de rendimiento.
B81: CE / Indicador | C81: Nivel 1 No Alcanzado (0 – 4) | D81: Nivel 2 En Proceso (5 – 6) | E81: Nivel 3 Alcanzado (7 – 8) | F81: Nivel 4 Sobresaliente (9 – 10) | G81: Peso en RA
B82: CR1 | C82: No identifica CR1 ni lo aplica en el contexto de Supervisa el rendimiento del sistema. | D82: Identifica CR1 con ayuda; lo aplica con errores o de forma incompleta. | E82: Aplica CR1 de forma correcta y autónoma en situaciones habituales. | F82: Aplica CR1 con criterio propio en situaciones nuevas; propone mejoras. | G82: 10.0%
B83: CR2 | C83: No identifica CR2 ni lo aplica en el contexto de Supervisa el rendimiento del sistema. | D83: Identifica CR2 con ayuda; lo aplica con errores o de forma incompleta. | E83: Aplica CR2 de forma correcta y autónoma en situaciones habituales. | F83: Aplica CR2 con criterio propio en situaciones nuevas; propone mejoras. | G83: 10.0%
B84: CR3 | C84: No identifica CR3 ni lo aplica en el contexto de Supervisa el rendimiento del sistema. | D84: Identifica CR3 con ayuda; lo aplica con errores o de forma incompleta. | E84: Aplica CR3 de forma correcta y autónoma en situaciones habituales. | F84: Aplica CR3 con criterio propio en situaciones nuevas; propone mejoras. | G84: 10.0%
B85: CR4 | C85: No identifica CR4 ni lo aplica en el contexto de Supervisa el rendimiento del sistema. | D85: Identifica CR4 con ayuda; lo aplica con errores o de forma incompleta. | E85: Aplica CR4 de forma correcta y autónoma en situaciones habituales. | F85: Aplica CR4 con criterio propio en situaciones nuevas; propone mejoras. | G85: 10.0%
B86: CR5 | C86: No identifica CR5 ni lo aplica en el contexto de Supervisa el rendimiento del sistema. | D86: Identifica CR5 con ayuda; lo aplica con errores o de forma incompleta. | E86: Aplica CR5 de forma correcta y autónoma en situaciones habituales. | F86: Aplica CR5 con criterio propio en situaciones nuevas; propone mejoras. | G86: 10.0%
B87: CR6 | C87: No identifica CR6 ni lo aplica en el contexto de Supervisa el rendimiento del sistema. | D87: Identifica CR6 con ayuda; lo aplica con errores o de forma incompleta. | E87: Aplica CR6 de forma correcta y autónoma en situaciones habituales. | F87: Aplica CR6 con criterio propio en situaciones nuevas; propone mejoras. | G87: 10.0%
B88: CR7 | C88: No identifica CR7 ni lo aplica en el contexto de Supervisa el rendimiento del sistema. | D88: Identifica CR7 con ayuda; lo aplica con errores o de forma incompleta. | E88: Aplica CR7 de forma correcta y autónoma en situaciones habituales. | F88: Aplica CR7 con criterio propio en situaciones nuevas; propone mejoras. | G88: 10.0%
B89: CR8 | C89: No identifica CR8 ni lo aplica en el contexto de Supervisa el rendimiento del sistema. | D89: Identifica CR8 con ayuda; lo aplica con errores o de forma incompleta. | E89: Aplica CR8 de forma correcta y autónoma en situaciones habituales. | F89: Aplica CR8 con criterio propio en situaciones nuevas; propone mejoras. | G89: 10.0%
B90: CR9 | C90: No identifica CR9 ni lo aplica en el contexto de Supervisa el rendimiento del sistema. | D90: Identifica CR9 con ayuda; lo aplica con errores o de forma incompleta. | E90: Aplica CR9 de forma correcta y autónoma en situaciones habituales. | F90: Aplica CR9 con criterio propio en situaciones nuevas; propone mejoras. | G90: 10.0%
B91: CR10 | C91: No identifica CR10 ni lo aplica en el contexto de Supervisa el rendimiento del sistema. | D91: Identifica CR10 con ayuda; lo aplica con errores o de forma incompleta. | E91: Aplica CR10 de forma correcta y autónoma en situaciones habituales. | F91: Aplica CR10 con criterio propio en situaciones nuevas; propone mejoras. | G91: 10.0%
B92: Total: 10 indicadores · Nota RA: media ponderada de niveles × 2.5 (Nivel 1=0-4 · Nivel 2=5-6 · Nivel 3=7-8 · Nivel 4=9-10) | G92: 100%
B94: RA7 · EV3 · Pond. 13% — Aplica directivas de seguridad y gestiona auditorías, interpretando y aplicando la normativa vigente.
B95: CE / Indicador | C95: Nivel 1 No Alcanzado (0 – 4) | D95: Nivel 2 En Proceso (5 – 6) | E95: Nivel 3 Alcanzado (7 – 8) | F95: Nivel 4 Sobresaliente (9 – 10) | G95: Peso en RA
B96: CR1 | C96: No identifica CR1 ni lo aplica en el contexto de Aplica directivas de seguridad y gestiona aud. | D96: Identifica CR1 con ayuda; lo aplica con errores o de forma incompleta. | E96: Aplica CR1 de forma correcta y autónoma en situaciones habituales. | F96: Aplica CR1 con criterio propio en situaciones nuevas; propone mejoras. | G96: 11.1%
B97: CR2 | C97: No identifica CR2 ni lo aplica en el contexto de Aplica directivas de seguridad y gestiona aud. | D97: Identifica CR2 con ayuda; lo aplica con errores o de forma incompleta. | E97: Aplica CR2 de forma correcta y autónoma en situaciones habituales. | F97: Aplica CR2 con criterio propio en situaciones nuevas; propone mejoras. | G97: 11.1%
B98: CR3 | C98: No identifica CR3 ni lo aplica en el contexto de Aplica directivas de seguridad y gestiona aud. | D98: Identifica CR3 con ayuda; lo aplica con errores o de forma incompleta. | E98: Aplica CR3 de forma correcta y autónoma en situaciones habituales. | F98: Aplica CR3 con criterio propio en situaciones nuevas; propone mejoras. | G98: 11.1%
B99: CR4 | C99: No identifica CR4 ni lo aplica en el contexto de Aplica directivas de seguridad y gestiona aud. | D99: Identifica CR4 con ayuda; lo aplica con errores o de forma incompleta. | E99: Aplica CR4 de forma correcta y autónoma en situaciones habituales. | F99: Aplica CR4 con criterio propio en situaciones nuevas; propone mejoras. | G99: 11.1%
B100: CR5 | C100: No identifica CR5 ni lo aplica en el contexto de Aplica directivas de seguridad y gestiona aud. | D100: Identifica CR5 con ayuda; lo aplica con errores o de forma incompleta. | E100: Aplica CR5 de forma correcta y autónoma en situaciones habituales. | F100: Aplica CR5 con criterio propio en situaciones nuevas; propone mejoras. | G100: 11.1%
B101: CR6 | C101: No identifica CR6 ni lo aplica en el contexto de Aplica directivas de seguridad y gestiona aud. | D101: Identifica CR6 con ayuda; lo aplica con errores o de forma incompleta. | E101: Aplica CR6 de forma correcta y autónoma en situaciones habituales. | F101: Aplica CR6 con criterio propio en situaciones nuevas; propone mejoras. | G101: 11.1%
B102: CR7 | C102: No identifica CR7 ni lo aplica en el contexto de Aplica directivas de seguridad y gestiona aud. | D102: Identifica CR7 con ayuda; lo aplica con errores o de forma incompleta. | E102: Aplica CR7 de forma correcta y autónoma en situaciones habituales. | F102: Aplica CR7 con criterio propio en situaciones nuevas; propone mejoras. | G102: 11.1%
B103: CR8 | C103: No identifica CR8 ni lo aplica en el contexto de Aplica directivas de seguridad y gestiona aud. | D103: Identifica CR8 con ayuda; lo aplica con errores o de forma incompleta. | E103: Aplica CR8 de forma correcta y autónoma en situaciones habituales. | F103: Aplica CR8 con criterio propio en situaciones nuevas; propone mejoras. | G103: 11.1%
B104: CR9 | C104: No identifica CR9 ni lo aplica en el contexto de Aplica directivas de seguridad y gestiona aud. | D104: Identifica CR9 con ayuda; lo aplica con errores o de forma incompleta. | E104: Aplica CR9 de forma correcta y autónoma en situaciones habituales. | F104: Aplica CR9 con criterio propio en situaciones nuevas; propone mejoras. | G104: 11.1%
B105: Total: 9 indicadores · Nota RA: media ponderada de niveles × 2.5 (Nivel 1=0-4 · Nivel 2=5-6 · Nivel 3=7-8 · Nivel 4=9-10) | G105: 100%
B107: 🏢 DUAL · RA8 · EV3 · Pond. 5% — Establece la conexión en red de los sistemas informáticos, configurando dispositivos y protocolos.
B108: CE / Indicador | C108: Nivel 1 No Alcanzado (0 – 4) | D108: Nivel 2 En Proceso (5 – 6) | E108: Nivel 3 Alcanzado (7 – 8) | F108: Nivel 4 Sobresaliente (9 – 10) | G108: Peso en RA
B109: CR1 | C109: No identifica CR1 ni lo aplica en el contexto de Establece la conexión en red de los sistemas . | D109: Identifica CR1 con ayuda; lo aplica con errores o de forma incompleta. | E109: Aplica CR1 de forma correcta y autónoma en situaciones habituales. | F109: Aplica CR1 con criterio propio en situaciones nuevas; propone mejoras. | G109: 11.1%
B110: CR2 | C110: No identifica CR2 ni lo aplica en el contexto de Establece la conexión en red de los sistemas . | D110: Identifica CR2 con ayuda; lo aplica con errores o de forma incompleta. | E110: Aplica CR2 de forma correcta y autónoma en situaciones habituales. | F110: Aplica CR2 con criterio propio en situaciones nuevas; propone mejoras. | G110: 11.1%
B111: CR3 | C111: No identifica CR3 ni lo aplica en el contexto de Establece la conexión en red de los sistemas . | D111: Identifica CR3 con ayuda; lo aplica con errores o de forma incompleta. | E111: Aplica CR3 de forma correcta y autónoma en situaciones habituales. | F111: Aplica CR3 con criterio propio en situaciones nuevas; propone mejoras. | G111: 11.1%
B112: CR4 | C112: No identifica CR4 ni lo aplica en el contexto de Establece la conexión en red de los sistemas . | D112: Identifica CR4 con ayuda; lo aplica con errores o de forma incompleta. | E112: Aplica CR4 de forma correcta y autónoma en situaciones habituales. | F112: Aplica CR4 con criterio propio en situaciones nuevas; propone mejoras. | G112: 11.1%
B113: CR5 | C113: No identifica CR5 ni lo aplica en el contexto de Establece la conexión en red de los sistemas . | D113: Identifica CR5 con ayuda; lo aplica con errores o de forma incompleta. | E113: Aplica CR5 de forma correcta y autónoma en situaciones habituales. | F113: Aplica CR5 con criterio propio en situaciones nuevas; propone mejoras. | G113: 11.1%
B114: CR6 | C114: No identifica CR6 ni lo aplica en el contexto de Establece la conexión en red de los sistemas . | D114: Identifica CR6 con ayuda; lo aplica con errores o de forma incompleta. | E114: Aplica CR6 de forma correcta y autónoma en situaciones habituales. | F114: Aplica CR6 con criterio propio en situaciones nuevas; propone mejoras. | G114: 11.1%
B115: CR7 | C115: No identifica CR7 ni lo aplica en el contexto de Establece la conexión en red de los sistemas . | D115: Identifica CR7 con ayuda; lo aplica con errores o de forma incompleta. | E115: Aplica CR7 de forma correcta y autónoma en situaciones habituales. | F115: Aplica CR7 con criterio propio en situaciones nuevas; propone mejoras. | G115: 11.1%
B116: CR8 | C116: No identifica CR8 ni lo aplica en el contexto de Establece la conexión en red de los sistemas . | D116: Identifica CR8 con ayuda; lo aplica con errores o de forma incompleta. | E116: Aplica CR8 de forma correcta y autónoma en situaciones habituales. | F116: Aplica CR8 con criterio propio en situaciones nuevas; propone mejoras. | G116: 11.1%
B117: CR9 | C117: No identifica CR9 ni lo aplica en el contexto de Establece la conexión en red de los sistemas . | D117: Identifica CR9 con ayuda; lo aplica con errores o de forma incompleta. | E117: Aplica CR9 de forma correcta y autónoma en situaciones habituales. | F117: Aplica CR9 con criterio propio en situaciones nuevas; propone mejoras. | G117: 11.1%
B118: Total: 9 indicadores · Nota RA: media ponderada de niveles × 2.5 (Nivel 1=0-4 · Nivel 2=5-6 · Nivel 3=7-8 · Nivel 4=9-10) | G118: 100%

Sheet ISO · Informe Grupo
B2: 📈 Informe de Grupo — ISO 1º ASIR
B3: Estadísticas y seguimiento del grupo · Implantación de Sistemas Operativos · 2026-2027
B5: =HYPERLINK("#Mis Módulos!A1","← Módulos") -> ← Módulos | C5: =HYPERLINK("#ISO · Programación!A1","📋 Programa") -> 📋 Programa | D5: =HYPERLINK("#ISO · Alumnos!A1","👥 Alumnos") -> 👥 Alumnos | E5: =HYPERLINK("#ISO · Actividades!A1","📝 Actividades") -> 📝 Actividades | F5: =HYPERLINK("#ISO · Reg. Notas!A1","📊 Reg. Notas") -> 📊 Reg. Notas | G5: =HYPERLINK("#ISO · Resumen!A1","📈 Resumen") -> 📈 Resumen | H5: =HYPERLINK("#ISO · Evaluación 1!A1","Eval 1") -> Eval 1 | I5: =HYPERLINK("#ISO · Evaluación 2!A1","Eval 2") -> Eval 2 | J5: =HYPERLINK("#ISO · Evaluación 3!A1","Eval 3") -> Eval 3 | K5: =HYPERLINK("#ISO · 1ªORD!A1","1ª ORD") -> 1ª ORD | L5: =HYPERLINK("#ISO · 2ªORD!A1","2ª ORD") -> 2ª ORD | M5: =HYPERLINK("#ISO · Rúbricas!A1","🎯 Rúbricas") -> 🎯 Rúbricas | N5: 📊 Inf.Grupo | O5: =HYPERLINK("#ISO · Boletín!A1","📄 Boletín") -> 📄 Boletín | P5: =HYPERLINK("#ISO · Dashboard!A1","📊 Dashboard") -> 📊 Dashboard
B8: 📊 ESTADÍSTICAS DEL GRUPO
B9: Alumnos registrados
B10: Activos
B11: Aprobados en 1ªORD (≥5) | C11: =COUNTIF('ISO · 1ªORD'!M11:M40,"APTO") -> 0
B12: Suspensos en 1ªORD (<5) | C12: =COUNTIF('ISO · 1ªORD'!M11:M40,"NO APTO") -> 0
B13: Media del grupo | C13: =IFERROR(ROUND(AVERAGEIF('ISO · 1ªORD'!M11:M40,"<>",'ISO · 1ªORD'!L11:L40),2),"")
B14: Nota máxima | C14: =IFERROR(MAX('ISO · 1ªORD'!L11:L40),"") -> 0
B15: Nota mínima (activos) | C15: =IFERROR(_xludf.MINIFS('ISO · 1ªORD'!L11:L40,'ISO · 1ªORD'!L11:L40,">0"),"")
B16: En riesgo (<4 en nota final) | C16: =COUNTIFS('ISO · 1ªORD'!L11:L40,"<4",'ISO · 1ªORD'!L11:L40,">0") -> 0
B18: 📊 MEDIA DEL GRUPO POR RESULTADO DE APRENDIZAJE
B19: RA1 (13%) | C19: RA2 (19%) | D19: RA3 (9%) | E19: RA4 (16%) | F19: RA5 (13%) | G19: RA6 (12%) | H19: RA7 (13%) | I19: RA8 (5%)
B20: =IFERROR(ROUND(AVERAGEIF('ISO · 1ªORD'!D11:D40,">0",'ISO · 1ªORD'!D11:D40),2),"") | C20: =IFERROR(ROUND(AVERAGEIF('ISO · 1ªORD'!E11:E40,">0",'ISO · 1ªORD'!E11:E40),2),"") | D20: =IFERROR(ROUND(AVERAGEIF('ISO · 1ªORD'!F11:F40,">0",'ISO · 1ªORD'!F11:F40),2),"") | E20: =IFERROR(ROUND(AVERAGEIF('ISO · 1ªORD'!G11:G40,">0",'ISO · 1ªORD'!G11:G40),2),"") | F20: =IFERROR(ROUND(AVERAGEIF('ISO · 1ªORD'!H11:H40,">0",'ISO · 1ªORD'!H11:H40),2),"") | G20: =IFERROR(ROUND(AVERAGEIF('ISO · 1ªORD'!I11:I40,">0",'ISO · 1ªORD'!I11:I40),2),"") | H20: =IFERROR(ROUND(AVERAGEIF('ISO · 1ªORD'!J11:J40,">0",'ISO · 1ªORD'!J11:J40),2),"") | I20: =IFERROR(ROUND(AVERAGEIF('ISO · 1ªORD'!K11:K40,">0",'ISO · 1ªORD'!K11:K40),2),"")
B22: 👥 LISTADO COMPLETO — NOTAS FINALES
B23: Nº | C23: Apellidos y Nombre | D23: RA1 | E23: RA2 | F23: RA3 | G23: RA4 | H23: RA5 | I23: RA6 | J23: RA7 | K23: RA8 | L23: Nota Final | M23: Resultado
B24: 1 | C24: =IFERROR(INDEX('ISO · 1ªORD'!C:C,11),"") | D24: =IFERROR(INDEX('ISO · 1ªORD'!D:D,11),"") | E24: =IFERROR(INDEX('ISO · 1ªORD'!E:E,11),"") | F24: =IFERROR(INDEX('ISO · 1ªORD'!F:F,11),"") | G24: =IFERROR(INDEX('ISO · 1ªORD'!G:G,11),"") | H24: =IFERROR(INDEX('ISO · 1ªORD'!H:H,11),"") | I24: =IFERROR(INDEX('ISO · 1ªORD'!I:I,11),"") | J24: =IFERROR(INDEX('ISO · 1ªORD'!J:J,11),"") | K24: =IFERROR(INDEX('ISO · 1ªORD'!K:K,11),"") | L24: =IFERROR(INDEX('ISO · 1ªORD'!L:L,11),"") | M24: =IFERROR(INDEX('ISO · 1ªORD'!M:M,11),"")
B25: 2 | C25: =IFERROR(INDEX('ISO · 1ªORD'!C:C,12),"") | D25: =IFERROR(INDEX('ISO · 1ªORD'!D:D,12),"") | E25: =IFERROR(INDEX('ISO · 1ªORD'!E:E,12),"") | F25: =IFERROR(INDEX('ISO · 1ªORD'!F:F,12),"") | G25: =IFERROR(INDEX('ISO · 1ªORD'!G:G,12),"") | H25: =IFERROR(INDEX('ISO · 1ªORD'!H:H,12),"") | I25: =IFERROR(INDEX('ISO · 1ªORD'!I:I,12),"") | J25: =IFERROR(INDEX('ISO · 1ªORD'!J:J,12),"") | K25: =IFERROR(INDEX('ISO · 1ªORD'!K:K,12),"") | L25: =IFERROR(INDEX('ISO · 1ªORD'!L:L,12),"") | M25: =IFERROR(INDEX('ISO · 1ªORD'!M:M,12),"")
B26: 3 | C26: =IFERROR(INDEX('ISO · 1ªORD'!C:C,13),"") | D26: =IFERROR(INDEX('ISO · 1ªORD'!D:D,13),"") | E26: =IFERROR(INDEX('ISO · 1ªORD'!E:E,13),"") | F26: =IFERROR(INDEX('ISO · 1ªORD'!F:F,13),"") | G26: =IFERROR(INDEX('ISO · 1ªORD'!G:G,13),"") | H26: =IFERROR(INDEX('ISO · 1ªORD'!H:H,13),"") | I26: =IFERROR(INDEX('ISO · 1ªORD'!I:I,13),"") | J26: =IFERROR(INDEX('ISO · 1ªORD'!J:J,13),"") | K26: =IFERROR(INDEX('ISO · 1ªORD'!K:K,13),"") | L26: =IFERROR(INDEX('ISO · 1ªORD'!L:L,13),"") | M26: =IFERROR(INDEX('ISO · 1ªORD'!M:M,13),"")
B27: 4 | C27: =IFERROR(INDEX('ISO · 1ªORD'!C:C,14),"") | D27: =IFERROR(INDEX('ISO · 1ªORD'!D:D,14),"") | E27: =IFERROR(INDEX('ISO · 1ªORD'!E:E,14),"") | F27: =IFERROR(INDEX('ISO · 1ªORD'!F:F,14),"") | G27: =IFERROR(INDEX('ISO · 1ªORD'!G:G,14),"") | H27: =IFERROR(INDEX('ISO · 1ªORD'!H:H,14),"") | I27: =IFERROR(INDEX('ISO · 1ªORD'!I:I,14),"") | J27: =IFERROR(INDEX('ISO · 1ªORD'!J:J,14),"") | K27: =IFERROR(INDEX('ISO · 1ªORD'!K:K,14),"") | L27: =IFERROR(INDEX('ISO · 1ªORD'!L:L,14),"") | M27: =IFERROR(INDEX('ISO · 1ªORD'!M:M,14),"")
B28: 5 | C28: =IFERROR(INDEX('ISO · 1ªORD'!C:C,15),"") | D28: =IFERROR(INDEX('ISO · 1ªORD'!D:D,15),"") | E28: =IFERROR(INDEX('ISO · 1ªORD'!E:E,15),"") | F28: =IFERROR(INDEX('ISO · 1ªORD'!F:F,15),"") | G28: =IFERROR(INDEX('ISO · 1ªORD'!G:G,15),"") | H28: =IFERROR(INDEX('ISO · 1ªORD'!H:H,15),"") | I28: =IFERROR(INDEX('ISO · 1ªORD'!I:I,15),"") | J28: =IFERROR(INDEX('ISO · 1ªORD'!J:J,15),"") | K28: =IFERROR(INDEX('ISO · 1ªORD'!K:K,15),"") | L28: =IFERROR(INDEX('ISO · 1ªORD'!L:L,15),"") | M28: =IFERROR(INDEX('ISO · 1ªORD'!M:M,15),"")
B29: 6 | C29: =IFERROR(INDEX('ISO · 1ªORD'!C:C,16),"") | D29: =IFERROR(INDEX('ISO · 1ªORD'!D:D,16),"") | E29: =IFERROR(INDEX('ISO · 1ªORD'!E:E,16),"") | F29: =IFERROR(INDEX('ISO · 1ªORD'!F:F,16),"") | G29: =IFERROR(INDEX('ISO · 1ªORD'!G:G,16),"") | H29: =IFERROR(INDEX('ISO · 1ªORD'!H:H,16),"") | I29: =IFERROR(INDEX('ISO · 1ªORD'!I:I,16),"") | J29: =IFERROR(INDEX('ISO · 1ªORD'!J:J,16),"") | K29: =IFERROR(INDEX('ISO · 1ªORD'!K:K,16),"") | L29: =IFERROR(INDEX('ISO · 1ªORD'!L:L,16),"") | M29: =IFERROR(INDEX('ISO · 1ªORD'!M:M,16),"")
B30: 7 | C30: =IFERROR(INDEX('ISO · 1ªORD'!C:C,17),"") | D30: =IFERROR(INDEX('ISO · 1ªORD'!D:D,17),"") | E30: =IFERROR(INDEX('ISO · 1ªORD'!E:E,17),"") | F30: =IFERROR(INDEX('ISO · 1ªORD'!F:F,17),"") | G30: =IFERROR(INDEX('ISO · 1ªORD'!G:G,17),"") | H30: =IFERROR(INDEX('ISO · 1ªORD'!H:H,17),"") | I30: =IFERROR(INDEX('ISO · 1ªORD'!I:I,17),"") | J30: =IFERROR(INDEX('ISO · 1ªORD'!J:J,17),"") | K30: =IFERROR(INDEX('ISO · 1ªORD'!K:K,17),"") | L30: =IFERROR(INDEX('ISO · 1ªORD'!L:L,17),"") | M30: =IFERROR(INDEX('ISO · 1ªORD'!M:M,17),"")
B31: 8 | C31: =IFERROR(INDEX('ISO · 1ªORD'!C:C,18),"") | D31: =IFERROR(INDEX('ISO · 1ªORD'!D:D,18),"") | E31: =IFERROR(INDEX('ISO · 1ªORD'!E:E,18),"") | F31: =IFERROR(INDEX('ISO · 1ªORD'!F:F,18),"") | G31: =IFERROR(INDEX('ISO · 1ªORD'!G:G,18),"") | H31: =IFERROR(INDEX('ISO · 1ªORD'!H:H,18),"") | I31: =IFERROR(INDEX('ISO · 1ªORD'!I:I,18),"") | J31: =IFERROR(INDEX('ISO · 1ªORD'!J:J,18),"") | K31: =IFERROR(INDEX('ISO · 1ªORD'!K:K,18),"") | L31: =IFERROR(INDEX('ISO · 1ªORD'!L:L,18),"") | M31: =IFERROR(INDEX('ISO · 1ªORD'!M:M,18),"")
B32: 9 | C32: =IFERROR(INDEX('ISO · 1ªORD'!C:C,19),"") | D32: =IFERROR(INDEX('ISO · 1ªORD'!D:D,19),"") | E32: =IFERROR(INDEX('ISO · 1ªORD'!E:E,19),"") | F32: =IFERROR(INDEX('ISO · 1ªORD'!F:F,19),"") | G32: =IFERROR(INDEX('ISO · 1ªORD'!G:G,19),"") | H32: =IFERROR(INDEX('ISO · 1ªORD'!H:H,19),"") | I32: =IFERROR(INDEX('ISO · 1ªORD'!I:I,19),"") | J32: =IFERROR(INDEX('ISO · 1ªORD'!J:J,19),"") | K32: =IFERROR(INDEX('ISO · 1ªORD'!K:K,19),"") | L32: =IFERROR(INDEX('ISO · 1ªORD'!L:L,19),"") | M32: =IFERROR(INDEX('ISO · 1ªORD'!M:M,19),"")
B33: 10 | C33: =IFERROR(INDEX('ISO · 1ªORD'!C:C,20),"") | D33: =IFERROR(INDEX('ISO · 1ªORD'!D:D,20),"") | E33: =IFERROR(INDEX('ISO · 1ªORD'!E:E,20),"") | F33: =IFERROR(INDEX('ISO · 1ªORD'!F:F,20),"") | G33: =IFERROR(INDEX('ISO · 1ªORD'!G:G,20),"") | H33: =IFERROR(INDEX('ISO · 1ªORD'!H:H,20),"") | I33: =IFERROR(INDEX('ISO · 1ªORD'!I:I,20),"") | J33: =IFERROR(INDEX('ISO · 1ªORD'!J:J,20),"") | K33: =IFERROR(INDEX('ISO · 1ªORD'!K:K,20),"") | L33: =IFERROR(INDEX('ISO · 1ªORD'!L:L,20),"") | M33: =IFERROR(INDEX('ISO · 1ªORD'!M:M,20),"")
B34: 11 | C34: =IFERROR(INDEX('ISO · 1ªORD'!C:C,21),"") | D34: =IFERROR(INDEX('ISO · 1ªORD'!D:D,21),"") | E34: =IFERROR(INDEX('ISO · 1ªORD'!E:E,21),"") | F34: =IFERROR(INDEX('ISO · 1ªORD'!F:F,21),"") | G34: =IFERROR(INDEX('ISO · 1ªORD'!G:G,21),"") | H34: =IFERROR(INDEX('ISO · 1ªORD'!H:H,21),"") | I34: =IFERROR(INDEX('ISO · 1ªORD'!I:I,21),"") | J34: =IFERROR(INDEX('ISO · 1ªORD'!J:J,21),"") | K34: =IFERROR(INDEX('ISO · 1ªORD'!K:K,21),"") | L34: =IFERROR(INDEX('ISO · 1ªORD'!L:L,21),"") | M34: =IFERROR(INDEX('ISO · 1ªORD'!M:M,21),"")
B35: 12 | C35: =IFERROR(INDEX('ISO · 1ªORD'!C:C,22),"") | D35: =IFERROR(INDEX('ISO · 1ªORD'!D:D,22),"") | E35: =IFERROR(INDEX('ISO · 1ªORD'!E:E,22),"") | F35: =IFERROR(INDEX('ISO · 1ªORD'!F:F,22),"") | G35: =IFERROR(INDEX('ISO · 1ªORD'!G:G,22),"") | H35: =IFERROR(INDEX('ISO · 1ªORD'!H:H,22),"") | I35: =IFERROR(INDEX('ISO · 1ªORD'!I:I,22),"") | J35: =IFERROR(INDEX('ISO · 1ªORD'!J:J,22),"") | K35: =IFERROR(INDEX('ISO · 1ªORD'!K:K,22),"") | L35: =IFERROR(INDEX('ISO · 1ªORD'!L:L,22),"") | M35: =IFERROR(INDEX('ISO · 1ªORD'!M:M,22),"")
B36: 13 | C36: =IFERROR(INDEX('ISO · 1ªORD'!C:C,23),"") | D36: =IFERROR(INDEX('ISO · 1ªORD'!D:D,23),"") | E36: =IFERROR(INDEX('ISO · 1ªORD'!E:E,23),"") | F36: =IFERROR(INDEX('ISO · 1ªORD'!F:F,23),"") | G36: =IFERROR(INDEX('ISO · 1ªORD'!G:G,23),"") | H36: =IFERROR(INDEX('ISO · 1ªORD'!H:H,23),"") | I36: =IFERROR(INDEX('ISO · 1ªORD'!I:I,23),"") | J36: =IFERROR(INDEX('ISO · 1ªORD'!J:J,23),"") | K36: =IFERROR(INDEX('ISO · 1ªORD'!K:K,23),"") | L36: =IFERROR(INDEX('ISO · 1ªORD'!L:L,23),"") | M36: =IFERROR(INDEX('ISO · 1ªORD'!M:M,23),"")
B37: 14 | C37: =IFERROR(INDEX('ISO · 1ªORD'!C:C,24),"") | D37: =IFERROR(INDEX('ISO · 1ªORD'!D:D,24),"") | E37: =IFERROR(INDEX('ISO · 1ªORD'!E:E,24),"") | F37: =IFERROR(INDEX('ISO · 1ªORD'!F:F,24),"") | G37: =IFERROR(INDEX('ISO · 1ªORD'!G:G,24),"") | H37: =IFERROR(INDEX('ISO · 1ªORD'!H:H,24),"") | I37: =IFERROR(INDEX('ISO · 1ªORD'!I:I,24),"") | J37: =IFERROR(INDEX('ISO · 1ªORD'!J:J,24),"") | K37: =IFERROR(INDEX('ISO · 1ªORD'!K:K,24),"") | L37: =IFERROR(INDEX('ISO · 1ªORD'!L:L,24),"") | M37: =IFERROR(INDEX('ISO · 1ªORD'!M:M,24),"")
B38: 15 | C38: =IFERROR(INDEX('ISO · 1ªORD'!C:C,25),"") | D38: =IFERROR(INDEX('ISO · 1ªORD'!D:D,25),"") | E38: =IFERROR(INDEX('ISO · 1ªORD'!E:E,25),"") | F38: =IFERROR(INDEX('ISO · 1ªORD'!F:F,25),"") | G38: =IFERROR(INDEX('ISO · 1ªORD'!G:G,25),"") | H38: =IFERROR(INDEX('ISO · 1ªORD'!H:H,25),"") | I38: =IFERROR(INDEX('ISO · 1ªORD'!I:I,25),"") | J38: =IFERROR(INDEX('ISO · 1ªORD'!J:J,25),"") | K38: =IFERROR(INDEX('ISO · 1ªORD'!K:K,25),"") | L38: =IFERROR(INDEX('ISO · 1ªORD'!L:L,25),"") | M38: =IFERROR(INDEX('ISO · 1ªORD'!M:M,25),"")
B39: 16 | C39: =IFERROR(INDEX('ISO · 1ªORD'!C:C,26),"") | D39: =IFERROR(INDEX('ISO · 1ªORD'!D:D,26),"") | E39: =IFERROR(INDEX('ISO · 1ªORD'!E:E,26),"") | F39: =IFERROR(INDEX('ISO · 1ªORD'!F:F,26),"") | G39: =IFERROR(INDEX('ISO · 1ªORD'!G:G,26),"") | H39: =IFERROR(INDEX('ISO · 1ªORD'!H:H,26),"") | I39: =IFERROR(INDEX('ISO · 1ªORD'!I:I,26),"") | J39: =IFERROR(INDEX('ISO · 1ªORD'!J:J,26),"") | K39: =IFERROR(INDEX('ISO · 1ªORD'!K:K,26),"") | L39: =IFERROR(INDEX('ISO · 1ªORD'!L:L,26),"") | M39: =IFERROR(INDEX('ISO · 1ªORD'!M:M,26),"")
B40: 17 | C40: =IFERROR(INDEX('ISO · 1ªORD'!C:C,27),"") | D40: =IFERROR(INDEX('ISO · 1ªORD'!D:D,27),"") | E40: =IFERROR(INDEX('ISO · 1ªORD'!E:E,27),"") | F40: =IFERROR(INDEX('ISO · 1ªORD'!F:F,27),"") | G40: =IFERROR(INDEX('ISO · 1ªORD'!G:G,27),"") | H40: =IFERROR(INDEX('ISO · 1ªORD'!H:H,27),"") | I40: =IFERROR(INDEX('ISO · 1ªORD'!I:I,27),"") | J40: =IFERROR(INDEX('ISO · 1ªORD'!J:J,27),"") | K40: =IFERROR(INDEX('ISO · 1ªORD'!K:K,27),"") | L40: =IFERROR(INDEX('ISO · 1ªORD'!L:L,27),"") | M40: =IFERROR(INDEX('ISO · 1ªORD'!M:M,27),"")
B41: 18 | C41: =IFERROR(INDEX('ISO · 1ªORD'!C:C,28),"") | D41: =IFERROR(INDEX('ISO · 1ªORD'!D:D,28),"") | E41: =IFERROR(INDEX('ISO · 1ªORD'!E:E,28),"") | F41: =IFERROR(INDEX('ISO · 1ªORD'!F:F,28),"") | G41: =IFERROR(INDEX('ISO · 1ªORD'!G:G,28),"") | H41: =IFERROR(INDEX('ISO · 1ªORD'!H:H,28),"") | I41: =IFERROR(INDEX('ISO · 1ªORD'!I:I,28),"") | J41: =IFERROR(INDEX('ISO · 1ªORD'!J:J,28),"") | K41: =IFERROR(INDEX('ISO · 1ªORD'!K:K,28),"") | L41: =IFERROR(INDEX('ISO · 1ªORD'!L:L,28),"") | M41: =IFERROR(INDEX('ISO · 1ªORD'!M:M,28),"")
B42: 19 | C42: =IFERROR(INDEX('ISO · 1ªORD'!C:C,29),"") | D42: =IFERROR(INDEX('ISO · 1ªORD'!D:D,29),"") | E42: =IFERROR(INDEX('ISO · 1ªORD'!E:E,29),"") | F42: =IFERROR(INDEX('ISO · 1ªORD'!F:F,29),"") | G42: =IFERROR(INDEX('ISO · 1ªORD'!G:G,29),"") | H42: =IFERROR(INDEX('ISO · 1ªORD'!H:H,29),"") | I42: =IFERROR(INDEX('ISO · 1ªORD'!I:I,29),"") | J42: =IFERROR(INDEX('ISO · 1ªORD'!J:J,29),"") | K42: =IFERROR(INDEX('ISO · 1ªORD'!K:K,29),"") | L42: =IFERROR(INDEX('ISO · 1ªORD'!L:L,29),"") | M42: =IFERROR(INDEX('ISO · 1ªORD'!M:M,29),"")
B43: 20 | C43: =IFERROR(INDEX('ISO · 1ªORD'!C:C,30),"") | D43: =IFERROR(INDEX('ISO · 1ªORD'!D:D,30),"") | E43: =IFERROR(INDEX('ISO · 1ªORD'!E:E,30),"") | F43: =IFERROR(INDEX('ISO · 1ªORD'!F:F,30),"") | G43: =IFERROR(INDEX('ISO · 1ªORD'!G:G,30),"") | H43: =IFERROR(INDEX('ISO · 1ªORD'!H:H,30),"") | I43: =IFERROR(INDEX('ISO · 1ªORD'!I:I,30),"") | J43: =IFERROR(INDEX('ISO · 1ªORD'!J:J,30),"") | K43: =IFERROR(INDEX('ISO · 1ªORD'!K:K,30),"") | L43: =IFERROR(INDEX('ISO · 1ªORD'!L:L,30),"") | M43: =IFERROR(INDEX('ISO · 1ªORD'!M:M,30),"")
B44: 21 | C44: =IFERROR(INDEX('ISO · 1ªORD'!C:C,31),"") | D44: =IFERROR(INDEX('ISO · 1ªORD'!D:D,31),"") | E44: =IFERROR(INDEX('ISO · 1ªORD'!E:E,31),"") | F44: =IFERROR(INDEX('ISO · 1ªORD'!F:F,31),"") | G44: =IFERROR(INDEX('ISO · 1ªORD'!G:G,31),"") | H44: =IFERROR(INDEX('ISO · 1ªORD'!H:H,31),"") | I44: =IFERROR(INDEX('ISO · 1ªORD'!I:I,31),"") | J44: =IFERROR(INDEX('ISO · 1ªORD'!J:J,31),"") | K44: =IFERROR(INDEX('ISO · 1ªORD'!K:K,31),"") | L44: =IFERROR(INDEX('ISO · 1ªORD'!L:L,31),"") | M44: =IFERROR(INDEX('ISO · 1ªORD'!M:M,31),"")
B45: 22 | C45: =IFERROR(INDEX('ISO · 1ªORD'!C:C,32),"") | D45: =IFERROR(INDEX('ISO · 1ªORD'!D:D,32),"") | E45: =IFERROR(INDEX('ISO · 1ªORD'!E:E,32),"") | F45: =IFERROR(INDEX('ISO · 1ªORD'!F:F,32),"") | G45: =IFERROR(INDEX('ISO · 1ªORD'!G:G,32),"") | H45: =IFERROR(INDEX('ISO · 1ªORD'!H:H,32),"") | I45: =IFERROR(INDEX('ISO · 1ªORD'!I:I,32),"") | J45: =IFERROR(INDEX('ISO · 1ªORD'!J:J,32),"") | K45: =IFERROR(INDEX('ISO · 1ªORD'!K:K,32),"") | L45: =IFERROR(INDEX('ISO · 1ªORD'!L:L,32),"") | M45: =IFERROR(INDEX('ISO · 1ªORD'!M:M,32),"")
B46: 23 | C46: =IFERROR(INDEX('ISO · 1ªORD'!C:C,33),"") | D46: =IFERROR(INDEX('ISO · 1ªORD'!D:D,33),"") | E46: =IFERROR(INDEX('ISO · 1ªORD'!E:E,33),"") | F46: =IFERROR(INDEX('ISO · 1ªORD'!F:F,33),"") | G46: =IFERROR(INDEX('ISO · 1ªORD'!G:G,33),"") | H46: =IFERROR(INDEX('ISO · 1ªORD'!H:H,33),"") | I46: =IFERROR(INDEX('ISO · 1ªORD'!I:I,33),"") | J46: =IFERROR(INDEX('ISO · 1ªORD'!J:J,33),"") | K46: =IFERROR(INDEX('ISO · 1ªORD'!K:K,33),"") | L46: =IFERROR(INDEX('ISO · 1ªORD'!L:L,33),"") | M46: =IFERROR(INDEX('ISO · 1ªORD'!M:M,33),"")
B47: 24 | C47: =IFERROR(INDEX('ISO · 1ªORD'!C:C,34),"") | D47: =IFERROR(INDEX('ISO · 1ªORD'!D:D,34),"") | E47: =IFERROR(INDEX('ISO · 1ªORD'!E:E,34),"") | F47: =IFERROR(INDEX('ISO · 1ªORD'!F:F,34),"") | G47: =IFERROR(INDEX('ISO · 1ªORD'!G:G,34),"") | H47: =IFERROR(INDEX('ISO · 1ªORD'!H:H,34),"") | I47: =IFERROR(INDEX('ISO · 1ªORD'!I:I,34),"") | J47: =IFERROR(INDEX('ISO · 1ªORD'!J:J,34),"") | K47: =IFERROR(INDEX('ISO · 1ªORD'!K:K,34),"") | L47: =IFERROR(INDEX('ISO · 1ªORD'!L:L,34),"") | M47: =IFERROR(INDEX('ISO · 1ªORD'!M:M,34),"")
B48: 25 | C48: =IFERROR(INDEX('ISO · 1ªORD'!C:C,35),"") | D48: =IFERROR(INDEX('ISO · 1ªORD'!D:D,35),"") | E48: =IFERROR(INDEX('ISO · 1ªORD'!E:E,35),"") | F48: =IFERROR(INDEX('ISO · 1ªORD'!F:F,35),"") | G48: =IFERROR(INDEX('ISO · 1ªORD'!G:G,35),"") | H48: =IFERROR(INDEX('ISO · 1ªORD'!H:H,35),"") | I48: =IFERROR(INDEX('ISO · 1ªORD'!I:I,35),"") | J48: =IFERROR(INDEX('ISO · 1ªORD'!J:J,35),"") | K48: =IFERROR(INDEX('ISO · 1ªORD'!K:K,35),"") | L48: =IFERROR(INDEX('ISO · 1ªORD'!L:L,35),"") | M48: =IFERROR(INDEX('ISO · 1ªORD'!M:M,35),"")
B49: 26 | C49: =IFERROR(INDEX('ISO · 1ªORD'!C:C,36),"") | D49: =IFERROR(INDEX('ISO · 1ªORD'!D:D,36),"") | E49: =IFERROR(INDEX('ISO · 1ªORD'!E:E,36),"") | F49: =IFERROR(INDEX('ISO · 1ªORD'!F:F,36),"") | G49: =IFERROR(INDEX('ISO · 1ªORD'!G:G,36),"") | H49: =IFERROR(INDEX('ISO · 1ªORD'!H:H,36),"") | I49: =IFERROR(INDEX('ISO · 1ªORD'!I:I,36),"") | J49: =IFERROR(INDEX('ISO · 1ªORD'!J:J,36),"") | K49: =IFERROR(INDEX('ISO · 1ªORD'!K:K,36),"") | L49: =IFERROR(INDEX('ISO · 1ªORD'!L:L,36),"") | M49: =IFERROR(INDEX('ISO · 1ªORD'!M:M,36),"")
B50: 27 | C50: =IFERROR(INDEX('ISO · 1ªORD'!C:C,37),"") | D50: =IFERROR(INDEX('ISO · 1ªORD'!D:D,37),"") | E50: =IFERROR(INDEX('ISO · 1ªORD'!E:E,37),"") | F50: =IFERROR(INDEX('ISO · 1ªORD'!F:F,37),"") | G50: =IFERROR(INDEX('ISO · 1ªORD'!G:G,37),"") | H50: =IFERROR(INDEX('ISO · 1ªORD'!H:H,37),"") | I50: =IFERROR(INDEX('ISO · 1ªORD'!I:I,37),"") | J50: =IFERROR(INDEX('ISO · 1ªORD'!J:J,37),"") | K50: =IFERROR(INDEX('ISO · 1ªORD'!K:K,37),"") | L50: =IFERROR(INDEX('ISO · 1ªORD'!L:L,37),"") | M50: =IFERROR(INDEX('ISO · 1ªORD'!M:M,37),"")
B51: 28 | C51: =IFERROR(INDEX('ISO · 1ªORD'!C:C,38),"") | D51: =IFERROR(INDEX('ISO · 1ªORD'!D:D,38),"") | E51: =IFERROR(INDEX('ISO · 1ªORD'!E:E,38),"") | F51: =IFERROR(INDEX('ISO · 1ªORD'!F:F,38),"") | G51: =IFERROR(INDEX('ISO · 1ªORD'!G:G,38),"") | H51: =IFERROR(INDEX('ISO · 1ªORD'!H:H,38),"") | I51: =IFERROR(INDEX('ISO · 1ªORD'!I:I,38),"") | J51: =IFERROR(INDEX('ISO · 1ªORD'!J:J,38),"") | K51: =IFERROR(INDEX('ISO · 1ªORD'!K:K,38),"") | L51: =IFERROR(INDEX('ISO · 1ªORD'!L:L,38),"") | M51: =IFERROR(INDEX('ISO · 1ªORD'!M:M,38),"")
B52: 29 | C52: =IFERROR(INDEX('ISO · 1ªORD'!C:C,39),"") | D52: =IFERROR(INDEX('ISO · 1ªORD'!D:D,39),"") | E52: =IFERROR(INDEX('ISO · 1ªORD'!E:E,39),"") | F52: =IFERROR(INDEX('ISO · 1ªORD'!F:F,39),"") | G52: =IFERROR(INDEX('ISO · 1ªORD'!G:G,39),"") | H52: =IFERROR(INDEX('ISO · 1ªORD'!H:H,39),"") | I52: =IFERROR(INDEX('ISO · 1ªORD'!I:I,39),"") | J52: =IFERROR(INDEX('ISO · 1ªORD'!J:J,39),"") | K52: =IFERROR(INDEX('ISO · 1ªORD'!K:K,39),"") | L52: =IFERROR(INDEX('ISO · 1ªORD'!L:L,39),"") | M52: =IFERROR(INDEX('ISO · 1ªORD'!M:M,39),"")
B53: 30 | C53: =IFERROR(INDEX('ISO · 1ªORD'!C:C,40),"") | D53: =IFERROR(INDEX('ISO · 1ªORD'!D:D,40),"") | E53: =IFERROR(INDEX('ISO · 1ªORD'!E:E,40),"") | F53: =IFERROR(INDEX('ISO · 1ªORD'!F:F,40),"") | G53: =IFERROR(INDEX('ISO · 1ªORD'!G:G,40),"") | H53: =IFERROR(INDEX('ISO · 1ªORD'!H:H,40),"") | I53: =IFERROR(INDEX('ISO · 1ªORD'!I:I,40),"") | J53: =IFERROR(INDEX('ISO · 1ªORD'!J:J,40),"") | K53: =IFERROR(INDEX('ISO · 1ªORD'!K:K,40),"") | L53: =IFERROR(INDEX('ISO · 1ªORD'!L:L,40),"") | M53: =IFERROR(INDEX('ISO · 1ªORD'!M:M,40),"")
B55: Generado automáticamente desde 1ªORD · Implantación de Sistemas Operativos · 2026-2027

Sheet ISO · Boletín
B2: 📄 Boletín Individual
B3: Informe de calificaciones por alumno/a · ISO 1º ASIR · 2026-2027
B5: =HYPERLINK("#Mis Módulos!A1","← Módulos") -> ← Módulos | C5: =HYPERLINK("#ISO · Programación!A1","📋 Programa") -> 📋 Programa | D5: =HYPERLINK("#ISO · Alumnos!A1","👥 Alumnos") -> 👥 Alumnos | E5: =HYPERLINK("#ISO · Actividades!A1","📝 Actividades") -> 📝 Actividades | F5: =HYPERLINK("#ISO · Reg. Notas!A1","📊 Reg. Notas") -> 📊 Reg. Notas | G5: =HYPERLINK("#ISO · Resumen!A1","📈 Resumen") -> 📈 Resumen | H5: =HYPERLINK("#ISO · Evaluación 1!A1","Eval 1") -> Eval 1 | I5: =HYPERLINK("#ISO · Evaluación 2!A1","Eval 2") -> Eval 2 | J5: =HYPERLINK("#ISO · Evaluación 3!A1","Eval 3") -> Eval 3 | K5: =HYPERLINK("#ISO · 1ªORD!A1","1ª ORD") -> 1ª ORD | L5: =HYPERLINK("#ISO · 2ªORD!A1","2ª ORD") -> 2ª ORD | M5: =HYPERLINK("#ISO · Rúbricas!A1","🎯 Rúbricas") -> 🎯 Rúbricas | N5: =HYPERLINK("#ISO · Informe Grupo!A1","📊 Inf.Grupo") -> 📊 Inf.Grupo | O5: 📄 Boletín | P5: =HYPERLINK("#ISO · Dashboard!A1","📊 Dashboard") -> 📊 Dashboard
B8: 👤 Seleccionar alumno/a (número): | C8: 1
B9: NIA/Exp. | C9: =IFERROR(INDEX('ISO · Alumnos'!E:E,9+C8),"") -> 0 | D9: Email | E9: =IFERROR(INDEX('ISO · Alumnos'!G:G,9+C8),"") -> 0 | F9: Teléfono | G9: =IFERROR(INDEX('ISO · Alumnos'!H:H,9+C8),"") -> 0 | H9: Estado | I9: =IFERROR(INDEX('ISO · Alumnos'!J:J,9+C8),"") -> Activo
B11: 📘 EVALUACIÓN 1 · RA1 + RA2 (32% del módulo)
B12: EX1 (75%) | C12: A001·RA1 | D12: A002·RA2 | E12: A003·RA2 | F12: Nota RA1 | G12: Nota RA2 | H12: NOTA EVAL 1
B13: Calificación | C13: =IFERROR(INDEX('ISO · Reg. Notas'!M:M,10+C$8),"") -> 0 | D13: =IFERROR(INDEX('ISO · Reg. Notas'!D:D,10+C$8),"") -> 0 | E13: =IFERROR(INDEX('ISO · Reg. Notas'!E:E,10+C$8),"") -> 0 | F13: =IFERROR(INDEX('ISO · Reg. Notas'!F:F,10+C$8),"") -> 0 | G13: =IFERROR(INDEX('ISO · Reg. Notas'!P:P,10+C$8),"") | H13: =IFERROR(INDEX('ISO · Reg. Notas'!Q:Q,10+C$8),"")
B14: Nota Evaluación 1: | H14: =IFERROR(INDEX('ISO · Evaluación 1'!H:H,10+C$8),"") | I14: =IFERROR(INDEX('ISO · Evaluación 1'!I:I,10+C$8),"")
B16: 📗 EVALUACIÓN 2 · RA3 + RA4 + RA5 (38% del módulo)
B17: EX2 (75%) | C17: A004·RA3 | D17: A005·RA4 | E17: A006·RA5 | F17: Nota RA3 | G17: Nota RA4 | H17: Nota RA5 | I17: NOTA EVAL 2
B18: Calificación | C18: =IFERROR(INDEX('ISO · Reg. Notas'!N:N,10+C$8),"") -> 0 | D18: =IFERROR(INDEX('ISO · Reg. Notas'!G:G,10+C$8),"") -> 0 | E18: =IFERROR(INDEX('ISO · Reg. Notas'!H:H,10+C$8),"") -> 0 | F18: =IFERROR(INDEX('ISO · Reg. Notas'!I:I,10+C$8),"") -> 0 | G18: =IFERROR(INDEX('ISO · Reg. Notas'!R:R,10+C$8),"") | H18: =IFERROR(INDEX('ISO · Reg. Notas'!S:S,10+C$8),"") | I18: =IFERROR(INDEX('ISO · Reg. Notas'!T:T,10+C$8),"")
B19: Nota Evaluación 2: | I19: =IFERROR(INDEX('ISO · Evaluación 2'!J:J,10+C$8),"") | J19: =IFERROR(INDEX('ISO · Evaluación 2'!K:K,10+C$8),"")
B21: 📙 EVALUACIÓN 3 · RA6 + RA7 + RA8 (30% del módulo)
B22: EX3 (75%) | C22: A007·RA6 | D22: A008·RA7 | E22: A009·RA8 | F22: Nota RA6 | G22: Nota RA7 | H22: Nota RA8 | I22: NOTA EVAL 3
B23: Calificación | C23: =IFERROR(INDEX('ISO · Reg. Notas'!O:O,10+C$8),"") -> 0 | D23: =IFERROR(INDEX('ISO · Reg. Notas'!J:J,10+C$8),"") -> 0 | E23: =IFERROR(INDEX('ISO · Reg. Notas'!K:K,10+C$8),"") -> 0 | F23: =IFERROR(INDEX('ISO · Reg. Notas'!L:L,10+C$8),"") -> 0 | G23: =IFERROR(INDEX('ISO · Reg. Notas'!U:U,10+C$8),"") | H23: =IFERROR(INDEX('ISO · Reg. Notas'!V:V,10+C$8),"") | I23: =IFERROR(INDEX('ISO · Reg. Notas'!W:W,10+C$8),"")
B24: Nota Evaluación 3: | I24: =IFERROR(INDEX('ISO · Evaluación 3'!J:J,10+C$8),"") | J24: =IFERROR(INDEX('ISO · Evaluación 3'!K:K,10+C$8),"")
B26: 🎓 CALIFICACIÓN FINAL DEL MÓDULO
B27: RA1 (13%) | C27: RA2 (19%) | D27: RA3 (9%) | E27: RA4 (16%) | F27: RA5 (13%) | G27: RA6 (12%) | H27: RA7 (13%) | I27: RA8 (5%) | J27: NOTA FINAL | K27: RESULTADO
B28: =IFERROR(INDEX('ISO · 1ªORD'!D:D,10+C$8),"") | C28: =IFERROR(INDEX('ISO · 1ªORD'!E:E,10+C$8),"") | D28: =IFERROR(INDEX('ISO · 1ªORD'!F:F,10+C$8),"") | E28: =IFERROR(INDEX('ISO · 1ªORD'!G:G,10+C$8),"") | F28: =IFERROR(INDEX('ISO · 1ªORD'!H:H,10+C$8),"") | G28: =IFERROR(INDEX('ISO · 1ªORD'!I:I,10+C$8),"") | H28: =IFERROR(INDEX('ISO · 1ªORD'!J:J,10+C$8),"") | I28: =IFERROR(INDEX('ISO · 1ªORD'!K:K,10+C$8),"") | J28: =IFERROR(INDEX('ISO · 1ªORD'!L:L,10+C$8),"") | K28: =IFERROR(INDEX('ISO · 1ªORD'!M:M,10+C$8),"")

Sheet ISO · Dashboard
B2: 📊 Cuadro de Mando — Dashboard
B3: Implantación de Sistemas Operativos · 1º ASIR · 2026-2027
B5: =HYPERLINK("#Mis Módulos!A1","← Módulos") -> ← Módulos | C5: =HYPERLINK("#ISO · Programación!A1","📋 Programa") -> 📋 Programa | D5: =HYPERLINK("#ISO · Alumnos!A1","👥 Alumnos") -> 👥 Alumnos | E5: =HYPERLINK("#ISO · Actividades!A1","📝 Actividades") -> 📝 Actividades | F5: =HYPERLINK("#ISO · Reg. Notas!A1","📊 Reg. Notas") -> 📊 Reg. Notas | G5: =HYPERLINK("#ISO · Resumen!A1","📈 Resumen") -> 📈 Resumen | H5: =HYPERLINK("#ISO · Evaluación 1!A1","Eval 1") -> Eval 1 | I5: =HYPERLINK("#ISO · Evaluación 2!A1","Eval 2") -> Eval 2 | J5: =HYPERLINK("#ISO · Evaluación 3!A1","Eval 3") -> Eval 3 | K5: =HYPERLINK("#ISO · 1ªORD!A1","1ª ORD") -> 1ª ORD | L5: =HYPERLINK("#ISO · 2ªORD!A1","2ª ORD") -> 2ª ORD | M5: =HYPERLINK("#ISO · Rúbricas!A1","🎯 Rúbricas") -> 🎯 Rúbricas | N5: =HYPERLINK("#ISO · Informe Grupo!A1","📊 Inf.Grupo") -> 📊 Inf.Grupo | O5: =HYPERLINK("#ISO · Boletín!A1","📄 Boletín") -> 📄 Boletín | P5: 📊 Dashboard
B8: INDICADORES GLOBALES DEL GRUPO
B9: ALUMNOS ACTIVOS | D9: ✅ APTOS | F9: ❌ NO APTOS
B10: =COUNTA('ISO · Alumnos'!C10:C39) -> 0 | D10: =COUNTIF('ISO · 1ªORD'!M11:M40,"APTO") -> 0 | F10: =COUNTIF('ISO · 1ªORD'!M11:M40,"NO APTO") -> 0
B12: MEDIA GRUPO | D12: NOTA MÁXIMA | F12: ⚠️ EN RIESGO
B13: =IFERROR(ROUND(AVERAGE('ISO · 1ªORD'!L11:L40),2),"–") -> – | D13: =IFERROR(MAX('ISO · 1ªORD'!L11:L40),"–") -> 0 | F13: =COUNTIFS('ISO · 1ªORD'!L11:L40,">0",'ISO · 1ªORD'!L11:L40,"<4") -> 0
B16: SEGUIMIENTO INDIVIDUAL — SEMÁFORO DE RIESGO
B17: Nº | C17: Apellidos y Nombre | D17: Eval 1 (nota) | E17: Eval 2 (nota) | F17: Eval 3 (nota) | G17: Nota Final | H17: Estado | I17: % Evals OK
B18: 1 | C18: =IFERROR('ISO · Alumnos'!C17&IF('ISO · Alumnos'!D17<>"",", "&'ISO · Alumnos'!D17,""),"") | D18: =IFERROR(INDEX('ISO · Evaluación 1'!H:H,10+1),"") | E18: =IFERROR(INDEX('ISO · Evaluación 2'!J:J,10+1),"") | F18: =IFERROR(INDEX('ISO · Evaluación 3'!J:J,10+1),"") | G18: =IFERROR(INDEX('ISO · 1ªORD'!L:L,10+1),"") | H18: =IF(G18="","–",IF(G18>=7,"🟢 NOTABLE",IF(G18>=5,"🟡 APTO","🔴 NO APTO"))) -> – | I18: =IFERROR(TEXT(COUNTIF(D18:F18,">0")/3,"0%"),"–") -> 0%
B19: 2 | C19: =IFERROR('ISO · Alumnos'!C18&IF('ISO · Alumnos'!D18<>"",", "&'ISO · Alumnos'!D18,""),"") | D19: =IFERROR(INDEX('ISO · Evaluación 1'!H:H,10+2),"") | E19: =IFERROR(INDEX('ISO · Evaluación 2'!J:J,10+2),"") | F19: =IFERROR(INDEX('ISO · Evaluación 3'!J:J,10+2),"") | G19: =IFERROR(INDEX('ISO · 1ªORD'!L:L,10+2),"") | H19: =IF(G19="","–",IF(G19>=7,"🟢 NOTABLE",IF(G19>=5,"🟡 APTO","🔴 NO APTO"))) -> – | I19: =IFERROR(TEXT(COUNTIF(D19:F19,">0")/3,"0%"),"–") -> 0%
B20: 3 | C20: =IFERROR('ISO · Alumnos'!C19&IF('ISO · Alumnos'!D19<>"",", "&'ISO · Alumnos'!D19,""),"") | D20: =IFERROR(INDEX('ISO · Evaluación 1'!H:H,10+3),"") | E20: =IFERROR(INDEX('ISO · Evaluación 2'!J:J,10+3),"") | F20: =IFERROR(INDEX('ISO · Evaluación 3'!J:J,10+3),"") | G20: =IFERROR(INDEX('ISO · 1ªORD'!L:L,10+3),"") | H20: =IF(G20="","–",IF(G20>=7,"🟢 NOTABLE",IF(G20>=5,"🟡 APTO","🔴 NO APTO"))) -> – | I20: =IFERROR(TEXT(COUNTIF(D20:F20,">0")/3,"0%"),"–") -> 0%
B21: 4 | C21: =IFERROR('ISO · Alumnos'!C20&IF('ISO · Alumnos'!D20<>"",", "&'ISO · Alumnos'!D20,""),"") | D21: =IFERROR(INDEX('ISO · Evaluación 1'!H:H,10+4),"") | E21: =IFERROR(INDEX('ISO · Evaluación 2'!J:J,10+4),"") | F21: =IFERROR(INDEX('ISO · Evaluación 3'!J:J,10+4),"") | G21: =IFERROR(INDEX('ISO · 1ªORD'!L:L,10+4),"") | H21: =IF(G21="","–",IF(G21>=7,"🟢 NOTABLE",IF(G21>=5,"🟡 APTO","🔴 NO APTO"))) -> – | I21: =IFERROR(TEXT(COUNTIF(D21:F21,">0")/3,"0%"),"–") -> 0%
B22: 5 | C22: =IFERROR('ISO · Alumnos'!C21&IF('ISO · Alumnos'!D21<>"",", "&'ISO · Alumnos'!D21,""),"") | D22: =IFERROR(INDEX('ISO · Evaluación 1'!H:H,10+5),"") | E22: =IFERROR(INDEX('ISO · Evaluación 2'!J:J,10+5),"") | F22: =IFERROR(INDEX('ISO · Evaluación 3'!J:J,10+5),"") | G22: =IFERROR(INDEX('ISO · 1ªORD'!L:L,10+5),"") | H22: =IF(G22="","–",IF(G22>=7,"🟢 NOTABLE",IF(G22>=5,"🟡 APTO","🔴 NO APTO"))) -> – | I22: =IFERROR(TEXT(COUNTIF(D22:F22,">0")/3,"0%"),"–") -> 0%
B23: 6 | C23: =IFERROR('ISO · Alumnos'!C22&IF('ISO · Alumnos'!D22<>"",", "&'ISO · Alumnos'!D22,""),"") | D23: =IFERROR(INDEX('ISO · Evaluación 1'!H:H,10+6),"") | E23: =IFERROR(INDEX('ISO · Evaluación 2'!J:J,10+6),"") | F23: =IFERROR(INDEX('ISO · Evaluación 3'!J:J,10+6),"") | G23: =IFERROR(INDEX('ISO · 1ªORD'!L:L,10+6),"") | H23: =IF(G23="","–",IF(G23>=7,"🟢 NOTABLE",IF(G23>=5,"🟡 APTO","🔴 NO APTO"))) -> – | I23: =IFERROR(TEXT(COUNTIF(D23:F23,">0")/3,"0%"),"–") -> 0%
B24: 7 | C24: =IFERROR('ISO · Alumnos'!C23&IF('ISO · Alumnos'!D23<>"",", "&'ISO · Alumnos'!D23,""),"") | D24: =IFERROR(INDEX('ISO · Evaluación 1'!H:H,10+7),"") | E24: =IFERROR(INDEX('ISO · Evaluación 2'!J:J,10+7),"") | F24: =IFERROR(INDEX('ISO · Evaluación 3'!J:J,10+7),"") | G24: =IFERROR(INDEX('ISO · 1ªORD'!L:L,10+7),"") | H24: =IF(G24="","–",IF(G24>=7,"🟢 NOTABLE",IF(G24>=5,"🟡 APTO","🔴 NO APTO"))) -> – | I24: =IFERROR(TEXT(COUNTIF(D24:F24,">0")/3,"0%"),"–") -> 0%
B25: 8 | C25: =IFERROR('ISO · Alumnos'!C24&IF('ISO · Alumnos'!D24<>"",", "&'ISO · Alumnos'!D24,""),"") | D25: =IFERROR(INDEX('ISO · Evaluación 1'!H:H,10+8),"") | E25: =IFERROR(INDEX('ISO · Evaluación 2'!J:J,10+8),"") | F25: =IFERROR(INDEX('ISO · Evaluación 3'!J:J,10+8),"") | G25: =IFERROR(INDEX('ISO · 1ªORD'!L:L,10+8),"") | H25: =IF(G25="","–",IF(G25>=7,"🟢 NOTABLE",IF(G25>=5,"🟡 APTO","🔴 NO APTO"))) -> – | I25: =IFERROR(TEXT(COUNTIF(D25:F25,">0")/3,"0%"),"–") -> 0%
B26: 9 | C26: =IFERROR('ISO · Alumnos'!C25&IF('ISO · Alumnos'!D25<>"",", "&'ISO · Alumnos'!D25,""),"") | D26: =IFERROR(INDEX('ISO · Evaluación 1'!H:H,10+9),"") | E26: =IFERROR(INDEX('ISO · Evaluación 2'!J:J,10+9),"") | F26: =IFERROR(INDEX('ISO · Evaluación 3'!J:J,10+9),"") | G26: =IFERROR(INDEX('ISO · 1ªORD'!L:L,10+9),"") | H26: =IF(G26="","–",IF(G26>=7,"🟢 NOTABLE",IF(G26>=5,"🟡 APTO","🔴 NO APTO"))) -> – | I26: =IFERROR(TEXT(COUNTIF(D26:F26,">0")/3,"0%"),"–") -> 0%
B27: 10 | C27: =IFERROR('ISO · Alumnos'!C26&IF('ISO · Alumnos'!D26<>"",", "&'ISO · Alumnos'!D26,""),"") | D27: =IFERROR(INDEX('ISO · Evaluación 1'!H:H,10+10),"") | E27: =IFERROR(INDEX('ISO · Evaluación 2'!J:J,10+10),"") | F27: =IFERROR(INDEX('ISO · Evaluación 3'!J:J,10+10),"") | G27: =IFERROR(INDEX('ISO · 1ªORD'!L:L,10+10),"") | H27: =IF(G27="","–",IF(G27>=7,"🟢 NOTABLE",IF(G27>=5,"🟡 APTO","🔴 NO APTO"))) -> – | I27: =IFERROR(TEXT(COUNTIF(D27:F27,">0")/3,"0%"),"–") -> 0%
B28: 11 | C28: =IFERROR('ISO · Alumnos'!C27&IF('ISO · Alumnos'!D27<>"",", "&'ISO · Alumnos'!D27,""),"") | D28: =IFERROR(INDEX('ISO · Evaluación 1'!H:H,10+11),"") | E28: =IFERROR(INDEX('ISO · Evaluación 2'!J:J,10+11),"") | F28: =IFERROR(INDEX('ISO · Evaluación 3'!J:J,10+11),"") | G28: =IFERROR(INDEX('ISO · 1ªORD'!L:L,10+11),"") | H28: =IF(G28="","–",IF(G28>=7,"🟢 NOTABLE",IF(G28>=5,"🟡 APTO","🔴 NO APTO"))) -> – | I28: =IFERROR(TEXT(COUNTIF(D28:F28,">0")/3,"0%"),"–") -> 0%
B29: 12 | C29: =IFERROR('ISO · Alumnos'!C28&IF('ISO · Alumnos'!D28<>"",", "&'ISO · Alumnos'!D28,""),"") | D29: =IFERROR(INDEX('ISO · Evaluación 1'!H:H,10+12),"") | E29: =IFERROR(INDEX('ISO · Evaluación 2'!J:J,10+12),"") | F29: =IFERROR(INDEX('ISO · Evaluación 3'!J:J,10+12),"") | G29: =IFERROR(INDEX('ISO · 1ªORD'!L:L,10+12),"") | H29: =IF(G29="","–",IF(G29>=7,"🟢 NOTABLE",IF(G29>=5,"🟡 APTO","🔴 NO APTO"))) -> – | I29: =IFERROR(TEXT(COUNTIF(D29:F29,">0")/3,"0%"),"–") -> 0%
B30: 13 | C30: =IFERROR('ISO · Alumnos'!C29&IF('ISO · Alumnos'!D29<>"",", "&'ISO · Alumnos'!D29,""),"") | D30: =IFERROR(INDEX('ISO · Evaluación 1'!H:H,10+13),"") | E30: =IFERROR(INDEX('ISO · Evaluación 2'!J:J,10+13),"") | F30: =IFERROR(INDEX('ISO · Evaluación 3'!J:J,10+13),"") | G30: =IFERROR(INDEX('ISO · 1ªORD'!L:L,10+13),"") | H30: =IF(G30="","–",IF(G30>=7,"🟢 NOTABLE",IF(G30>=5,"🟡 APTO","🔴 NO APTO"))) -> – | I30: =IFERROR(TEXT(COUNTIF(D30:F30,">0")/3,"0%"),"–") -> 0%
B31: 14 | C31: =IFERROR('ISO · Alumnos'!C30&IF('ISO · Alumnos'!D30<>"",", "&'ISO · Alumnos'!D30,""),"") | D31: =IFERROR(INDEX('ISO · Evaluación 1'!H:H,10+14),"") | E31: =IFERROR(INDEX('ISO · Evaluación 2'!J:J,10+14),"") | F31: =IFERROR(INDEX('ISO · Evaluación 3'!J:J,10+14),"") | G31: =IFERROR(INDEX('ISO · 1ªORD'!L:L,10+14),"") | H31: =IF(G31="","–",IF(G31>=7,"🟢 NOTABLE",IF(G31>=5,"🟡 APTO","🔴 NO APTO"))) -> – | I31: =IFERROR(TEXT(COUNTIF(D31:F31,">0")/3,"0%"),"–") -> 0%
B32: 15 | C32: =IFERROR('ISO · Alumnos'!C31&IF('ISO · Alumnos'!D31<>"",", "&'ISO · Alumnos'!D31,""),"") | D32: =IFERROR(INDEX('ISO · Evaluación 1'!H:H,10+15),"") | E32: =IFERROR(INDEX('ISO · Evaluación 2'!J:J,10+15),"") | F32: =IFERROR(INDEX('ISO · Evaluación 3'!J:J,10+15),"") | G32: =IFERROR(INDEX('ISO · 1ªORD'!L:L,10+15),"") | H32: =IF(G32="","–",IF(G32>=7,"🟢 NOTABLE",IF(G32>=5,"🟡 APTO","🔴 NO APTO"))) -> – | I32: =IFERROR(TEXT(COUNTIF(D32:F32,">0")/3,"0%"),"–") -> 0%
B33: 16 | C33: =IFERROR('ISO · Alumnos'!C32&IF('ISO · Alumnos'!D32<>"",", "&'ISO · Alumnos'!D32,""),"") | D33: =IFERROR(INDEX('ISO · Evaluación 1'!H:H,10+16),"") | E33: =IFERROR(INDEX('ISO · Evaluación 2'!J:J,10+16),"") | F33: =IFERROR(INDEX('ISO · Evaluación 3'!J:J,10+16),"") | G33: =IFERROR(INDEX('ISO · 1ªORD'!L:L,10+16),"") | H33: =IF(G33="","–",IF(G33>=7,"🟢 NOTABLE",IF(G33>=5,"🟡 APTO","🔴 NO APTO"))) -> – | I33: =IFERROR(TEXT(COUNTIF(D33:F33,">0")/3,"0%"),"–") -> 0%
B34: 17 | C34: =IFERROR('ISO · Alumnos'!C33&IF('ISO · Alumnos'!D33<>"",", "&'ISO · Alumnos'!D33,""),"") | D34: =IFERROR(INDEX('ISO · Evaluación 1'!H:H,10+17),"") | E34: =IFERROR(INDEX('ISO · Evaluación 2'!J:J,10+17),"") | F34: =IFERROR(INDEX('ISO · Evaluación 3'!J:J,10+17),"") | G34: =IFERROR(INDEX('ISO · 1ªORD'!L:L,10+17),"") | H34: =IF(G34="","–",IF(G34>=7,"🟢 NOTABLE",IF(G34>=5,"🟡 APTO","🔴 NO APTO"))) -> – | I34: =IFERROR(TEXT(COUNTIF(D34:F34,">0")/3,"0%"),"–") -> 0%
B35: 18 | C35: =IFERROR('ISO · Alumnos'!C34&IF('ISO · Alumnos'!D34<>"",", "&'ISO · Alumnos'!D34,""),"") | D35: =IFERROR(INDEX('ISO · Evaluación 1'!H:H,10+18),"") | E35: =IFERROR(INDEX('ISO · Evaluación 2'!J:J,10+18),"") | F35: =IFERROR(INDEX('ISO · Evaluación 3'!J:J,10+18),"") | G35: =IFERROR(INDEX('ISO · 1ªORD'!L:L,10+18),"") | H35: =IF(G35="","–",IF(G35>=7,"🟢 NOTABLE",IF(G35>=5,"🟡 APTO","🔴 NO APTO"))) -> – | I35: =IFERROR(TEXT(COUNTIF(D35:F35,">0")/3,"0%"),"–") -> 0%
B36: 19 | C36: =IFERROR('ISO · Alumnos'!C35&IF('ISO · Alumnos'!D35<>"",", "&'ISO · Alumnos'!D35,""),"") | D36: =IFERROR(INDEX('ISO · Evaluación 1'!H:H,10+19),"") | E36: =IFERROR(INDEX('ISO · Evaluación 2'!J:J,10+19),"") | F36: =IFERROR(INDEX('ISO · Evaluación 3'!J:J,10+19),"") | G36: =IFERROR(INDEX('ISO · 1ªORD'!L:L,10+19),"") | H36: =IF(G36="","–",IF(G36>=7,"🟢 NOTABLE",IF(G36>=5,"🟡 APTO","🔴 NO APTO"))) -> – | I36: =IFERROR(TEXT(COUNTIF(D36:F36,">0")/3,"0%"),"–") -> 0%
B37: 20 | C37: =IFERROR('ISO · Alumnos'!C36&IF('ISO · Alumnos'!D36<>"",", "&'ISO · Alumnos'!D36,""),"") | D37: =IFERROR(INDEX('ISO · Evaluación 1'!H:H,10+20),"") | E37: =IFERROR(INDEX('ISO · Evaluación 2'!J:J,10+20),"") | F37: =IFERROR(INDEX('ISO · Evaluación 3'!J:J,10+20),"") | G37: =IFERROR(INDEX('ISO · 1ªORD'!L:L,10+20),"") | H37: =IF(G37="","–",IF(G37>=7,"🟢 NOTABLE",IF(G37>=5,"🟡 APTO","🔴 NO APTO"))) -> – | I37: =IFERROR(TEXT(COUNTIF(D37:F37,">0")/3,"0%"),"–") -> 0%
B38: 21 | C38: =IFERROR('ISO · Alumnos'!C37&IF('ISO · Alumnos'!D37<>"",", "&'ISO · Alumnos'!D37,""),"") | D38: =IFERROR(INDEX('ISO · Evaluación 1'!H:H,10+21),"") | E38: =IFERROR(INDEX('ISO · Evaluación 2'!J:J,10+21),"") | F38: =IFERROR(INDEX('ISO · Evaluación 3'!J:J,10+21),"") | G38: =IFERROR(INDEX('ISO · 1ªORD'!L:L,10+21),"") | H38: =IF(G38="","–",IF(G38>=7,"🟢 NOTABLE",IF(G38>=5,"🟡 APTO","🔴 NO APTO"))) -> – | I38: =IFERROR(TEXT(COUNTIF(D38:F38,">0")/3,"0%"),"–") -> 0%
B39: 22 | C39: =IFERROR('ISO · Alumnos'!C38&IF('ISO · Alumnos'!D38<>"",", "&'ISO · Alumnos'!D38,""),"") | D39: =IFERROR(INDEX('ISO · Evaluación 1'!H:H,10+22),"") | E39: =IFERROR(INDEX('ISO · Evaluación 2'!J:J,10+22),"") | F39: =IFERROR(INDEX('ISO · Evaluación 3'!J:J,10+22),"") | G39: =IFERROR(INDEX('ISO · 1ªORD'!L:L,10+22),"") | H39: =IF(G39="","–",IF(G39>=7,"🟢 NOTABLE",IF(G39>=5,"🟡 APTO","🔴 NO APTO"))) -> – | I39: =IFERROR(TEXT(COUNTIF(D39:F39,">0")/3,"0%"),"–") -> 0%
B40: 23 | C40: =IFERROR('ISO · Alumnos'!C39&IF('ISO · Alumnos'!D39<>"",", "&'ISO · Alumnos'!D39,""),"") | D40: =IFERROR(INDEX('ISO · Evaluación 1'!H:H,10+23),"") | E40: =IFERROR(INDEX('ISO · Evaluación 2'!J:J,10+23),"") | F40: =IFERROR(INDEX('ISO · Evaluación 3'!J:J,10+23),"") | G40: =IFERROR(INDEX('ISO · 1ªORD'!L:L,10+23),"") | H40: =IF(G40="","–",IF(G40>=7,"🟢 NOTABLE",IF(G40>=5,"🟡 APTO","🔴 NO APTO"))) -> – | I40: =IFERROR(TEXT(COUNTIF(D40:F40,">0")/3,"0%"),"–") -> 0%
B41: 24 | C41: =IFERROR('ISO · Alumnos'!C40&IF('ISO · Alumnos'!D40<>"",", "&'ISO · Alumnos'!D40,""),"") | D41: =IFERROR(INDEX('ISO · Evaluación 1'!H:H,10+24),"") | E41: =IFERROR(INDEX('ISO · Evaluación 2'!J:J,10+24),"") | F41: =IFERROR(INDEX('ISO · Evaluación 3'!J:J,10+24),"") | G41: =IFERROR(INDEX('ISO · 1ªORD'!L:L,10+24),"") | H41: =IF(G41="","–",IF(G41>=7,"🟢 NOTABLE",IF(G41>=5,"🟡 APTO","🔴 NO APTO"))) -> – | I41: =IFERROR(TEXT(COUNTIF(D41:F41,">0")/3,"0%"),"–") -> 0%
B42: 25 | C42: =IFERROR('ISO · Alumnos'!C41&IF('ISO · Alumnos'!D41<>"",", "&'ISO · Alumnos'!D41,""),"") | D42: =IFERROR(INDEX('ISO · Evaluación 1'!H:H,10+25),"") | E42: =IFERROR(INDEX('ISO · Evaluación 2'!J:J,10+25),"") | F42: =IFERROR(INDEX('ISO · Evaluación 3'!J:J,10+25),"") | G42: =IFERROR(INDEX('ISO · 1ªORD'!L:L,10+25),"") | H42: =IF(G42="","–",IF(G42>=7,"🟢 NOTABLE",IF(G42>=5,"🟡 APTO","🔴 NO APTO"))) -> – | I42: =IFERROR(TEXT(COUNTIF(D42:F42,">0")/3,"0%"),"–") -> 0%
B43: 26 | C43: =IFERROR('ISO · Alumnos'!C42&IF('ISO · Alumnos'!D42<>"",", "&'ISO · Alumnos'!D42,""),"") | D43: =IFERROR(INDEX('ISO · Evaluación 1'!H:H,10+26),"") | E43: =IFERROR(INDEX('ISO · Evaluación 2'!J:J,10+26),"") | F43: =IFERROR(INDEX('ISO · Evaluación 3'!J:J,10+26),"") | G43: =IFERROR(INDEX('ISO · 1ªORD'!L:L,10+26),"") | H43: =IF(G43="","–",IF(G43>=7,"🟢 NOTABLE",IF(G43>=5,"🟡 APTO","🔴 NO APTO"))) -> – | I43: =IFERROR(TEXT(COUNTIF(D43:F43,">0")/3,"0%"),"–") -> 0%
B44: 27 | C44: =IFERROR('ISO · Alumnos'!C43&IF('ISO · Alumnos'!D43<>"",", "&'ISO · Alumnos'!D43,""),"") | D44: =IFERROR(INDEX('ISO · Evaluación 1'!H:H,10+27),"") | E44: =IFERROR(INDEX('ISO · Evaluación 2'!J:J,10+27),"") | F44: =IFERROR(INDEX('ISO · Evaluación 3'!J:J,10+27),"") | G44: =IFERROR(INDEX('ISO · 1ªORD'!L:L,10+27),"") | H44: =IF(G44="","–",IF(G44>=7,"🟢 NOTABLE",IF(G44>=5,"🟡 APTO","🔴 NO APTO"))) -> – | I44: =IFERROR(TEXT(COUNTIF(D44:F44,">0")/3,"0%"),"–") -> 0%
B45: 28 | C45: =IFERROR('ISO · Alumnos'!C44&IF('ISO · Alumnos'!D44<>"",", "&'ISO · Alumnos'!D44,""),"") | D45: =IFERROR(INDEX('ISO · Evaluación 1'!H:H,10+28),"") | E45: =IFERROR(INDEX('ISO · Evaluación 2'!J:J,10+28),"") | F45: =IFERROR(INDEX('ISO · Evaluación 3'!J:J,10+28),"") | G45: =IFERROR(INDEX('ISO · 1ªORD'!L:L,10+28),"") | H45: =IF(G45="","–",IF(G45>=7,"🟢 NOTABLE",IF(G45>=5,"🟡 APTO","🔴 NO APTO"))) -> – | I45: =IFERROR(TEXT(COUNTIF(D45:F45,">0")/3,"0%"),"–") -> 0%
B46: 29 | C46: =IFERROR('ISO · Alumnos'!C45&IF('ISO · Alumnos'!D45<>"",", "&'ISO · Alumnos'!D45,""),"") | D46: =IFERROR(INDEX('ISO · Evaluación 1'!H:H,10+29),"") | E46: =IFERROR(INDEX('ISO · Evaluación 2'!J:J,10+29),"") | F46: =IFERROR(INDEX('ISO · Evaluación 3'!J:J,10+29),"") | G46: =IFERROR(INDEX('ISO · 1ªORD'!L:L,10+29),"") | H46: =IF(G46="","–",IF(G46>=7,"🟢 NOTABLE",IF(G46>=5,"🟡 APTO","🔴 NO APTO"))) -> – | I46: =IFERROR(TEXT(COUNTIF(D46:F46,">0")/3,"0%"),"–") -> 0%
B47: 30 | C47: =IFERROR('ISO · Alumnos'!C46&IF('ISO · Alumnos'!D46<>"",", "&'ISO · Alumnos'!D46,""),"") | D47: =IFERROR(INDEX('ISO · Evaluación 1'!H:H,10+30),"") | E47: =IFERROR(INDEX('ISO · Evaluación 2'!J:J,10+30),"") | F47: =IFERROR(INDEX('ISO · Evaluación 3'!J:J,10+30),"") | G47: =IFERROR(INDEX('ISO · 1ªORD'!L:L,10+30),"") | H47: =IF(G47="","–",IF(G47>=7,"🟢 NOTABLE",IF(G47>=5,"🟡 APTO","🔴 NO APTO"))) -> – | I47: =IFERROR(TEXT(COUNTIF(D47:F47,">0")/3,"0%"),"–") -> 0%
B49: RENDIMIENTO POR RA — Media del grupo (desde Reg. Notas)
B50: RA1 EV1 · 13% | C50: RA2 EV1 · 19% | D50: RA3 EV2 · 9% | E50: RA4 EV2 · 16% | F50: RA5 EV2 · 13% | G50: RA6 EV3 · 12% | H50: RA7 EV3 · 13% | I50: RA8 EV3 · 5%
B51: =IFERROR(ROUND(AVERAGE('ISO · Reg. Notas'!P11:P40),2),"–") -> – | C51: =IFERROR(ROUND(AVERAGE('ISO · Reg. Notas'!Q11:Q40),2),"–") -> – | D51: =IFERROR(ROUND(AVERAGE('ISO · Reg. Notas'!R11:R40),2),"–") -> – | E51: =IFERROR(ROUND(AVERAGE('ISO · Reg. Notas'!S11:S40),2),"–") -> – | F51: =IFERROR(ROUND(AVERAGE('ISO · Reg. Notas'!T11:T40),2),"–") -> – | G51: =IFERROR(ROUND(AVERAGE('ISO · Reg. Notas'!U11:U40),2),"–") -> – | H51: =IFERROR(ROUND(AVERAGE('ISO · Reg. Notas'!V11:V40),2),"–") -> – | I51: =IFERROR(ROUND(AVERAGE('ISO · Reg. Notas'!W11:W40),2),"–") -> –
B53: ★ Los datos se actualizan automáticamente al introducir notas. Semáforo: 🟢 ≥7 · 🟡 5-6.9 · 🔴 <5. En riesgo = nota final < 4.

Sheet ISO · _UTs
A1: id | B1: nombre | C1: horas | D1: evaluacion | E1: pond_pct | F1: tags
A2: UT1 | B2: Instalación de software libre y propietario | C2: 30 | D2: 1 | E2: 16.13 | F2: Linux · Windows Server · Virtualización
A3: UT2 | B3: Administración de software base | C3: 25 | D3: 1 | E3: 13.44 | F3: Usuarios · Red TCP/IP · Registro Windows
A4: UT3 | B4: Administración y aseguramiento de la información | C4: 22 | D4: 2 | E4: 11.83 | F4: Permisos · Backups · RAID
A5: UT4 | B5: Gestión de dominios | C5: 30 | D5: 2 | E5: 16.13 | F5: Active Directory · GPO · Perfiles
A6: UT5 | B6: Administración de acceso al dominio | C6: 25 | D6: 2 | E6: 13.44 | F6: Samba · NFS · NTFS / ACLs POSIX
A7: UT6 | B7: Supervisión del rendimiento del sistema | C7: 22 | D7: 3 | E7: 11.83 | F7: top/htop · Perfmon · journalctl
A8: UT7 | B8: Directivas de seguridad y auditorías | C8: 22 | D8: 3 | E8: 11.83 | F8: secpol.msc · auditd · fail2ban
A9: UT8 | B9: Resolución de incidencias y asistencia técnica | C9: 10 | D9: 3 | E9: 5.38 | F9: WDS/MDT · VPN WireGuard · ITIL

Sheet ISO · _RAs
A1: id | B1: nombre | C1: pond_pct | D1: total_ces | E1: horas_equiv
A2: RA1 | B2: Instala sistemas operativos, relacionando sus características con el hardware del equipo y el software de aplicación. | C2: 13 | D2: 8 | E2: 24
A3: RA2 | B3: Gestiona el software de base, aplicando criterios de explotación del sistema. | C3: 19 | D3: 19 | E3: 35.33
A4: RA3 | B4: Asegura y recupera el sistema, aplicando procedimientos de administración de la información. | C4: 9 | D4: 8 | E4: 16
A5: RA4 | B5: Gestiona dominios, elaborando el modelo lógico de la red en un entorno de trabajo. | C5: 16 | D5: 8 | E5: 30
A6: RA5 | B6: Administra el acceso al dominio, gestionando servidores de directorio y verificando el acceso de los usuarios. | C6: 13 | D6: 8 | E6: 24.07
A7: RA6 | B7: Supervisa el rendimiento del sistema, diagnosticando las causas de pérdidas de rendimiento. | C7: 12 | D7: 10 | E7: 22
A8: RA7 | B8: Aplica directivas de seguridad y gestiona auditorías, interpretando y aplicando la normativa vigente. | C8: 13 | D8: 9 | E8: 24.59
A9: RA8 | B9: Establece la conexión en red de los sistemas informáticos, configurando dispositivos y protocolos. | C9: 5 | D9: 9 | E9: 10

Sheet ISO · _CEs
A1: id_ra | B1: id_ce | C1: ce_numero
A2: RA1 | B2: CR1 | C2: 1
A3: RA1 | B3: CR2 | C3: 2
A4: RA1 | B4: CR3 | C4: 3
A5: RA1 | B5: CR4 | C5: 4
A6: RA1 | B6: CR5 | C6: 5
A7: RA1 | B7: CR6 | C7: 6
A8: RA1 | B8: CR7 | C8: 7
A9: RA1 | B9: CR8 | C9: 8
A10: RA2 | B10: CR1 | C10: 1
A11: RA2 | B11: CR2 | C11: 2
A12: RA2 | B12: CR3 | C12: 3
A13: RA2 | B13: CR4 | C13: 4
... A80: RA8 | B80: CR9 | C80: 9

Sheet ISO · _Asignaciones
A1: id_ut | B1: id_ra | C1: ces | D1: n_ces | E1: horas_ut | F1: pond_ut_pct | G1: h_ra_en_ut
A2: UT1 | B2: RA1 | C2: CR1, CR2, CR3, CR4, CR5, CR6, CR7, CR8 | D2: 8 | E2: 30 | F2: 16.13 | G2: 24
A3: UT1 | B3: RA2 | C3: CR7, CR8 | D3: 2 | E3: 30 | F3: 16.13 | G3: 6
A4: UT2 | B4: RA2 | C4: CR1, CR2, CR3, CR4, CR5, CR6, CR10, CR11, CR12, CR13, CR14, CR16, CR17, CR19 | D4: 14 | E4: 25 | F4: 13.44 | G4: 23.33
A5: UT2 | B5: RA7 | C5: CR1 | D5: 1 | E5: 25 | F5: 13.44 | G5: 1.67
A6: UT3 | B6: RA3 | C6: CR1, CR2, CR3, CR4, CR5, CR6, CR7, CR8 | D6: 8 | E6: 22 | F6: 11.83 | G6: 16
A7: UT3 | B7: RA2 | C7: CR9, CR15, CR18 | D7: 3 | E7: 22 | F7: 11.83 | G7: 6
A8: UT4 | B8: RA4 | C8: CR1, CR2, CR3, CR4, CR5, CR6, CR7, CR8 | D8: 8 | E8: 30 | F8: 16.13 | G8: 30
A9: UT5 | B9: RA5 | C9: CR1, CR2, CR3, CR4, CR5, CR6, CR7 | D9: 7 | E9: 25 | F9: 13.44 | G9: 21.88
A10: UT5 | B10: RA7 | C10: CR1 | D10: 1 | E10: 25 | F10: 13.44 | G10: 3.12
A11: UT6 | B11: RA6 | C11: CR1, CR2, CR3, CR4, CR5, CR6, CR7, CR8, CR9, CR10 | D11: 10 | E11: 22 | F11: 11.83 | G11: 22
A12: UT7 | B12: RA7 | C12: CR1, CR2, CR3, CR4, CR5, CR6, CR7, CR8, CR9 | D12: 9 | E12: 22 | F12: 11.83 | G12: 19.8
A13: UT7 | B13: RA5 | C13: CR8 | D13: 1 | E13: 22 | F13: 11.83 | G13: 2.2
A14: UT8 | B14: RA8 | C14: CR1, CR2, CR3, CR4, CR5, CR6, CR7, CR8, CR9 | D14: 9 | E14: 10 | F14: 5.38 | G14: 10

Sheet ISO · _Actividades
A1: id_actividad | B1: id_ut | C1: id_ra | D1: evaluacion | E1: n_ces | F1: ces | G1: descripcion | H1: tipo
A2: A001 | B2: UT1 | C2: RA1 | D2: 1 | E2: 8 | F2: CR1, CR2, CR3, CR4, CR5, CR6, CR7, CR8 | G2: Instalación de software libre y propietario — práctica RA1 | H2: Práctica
A3: A002 | B3: UT1 | C3: RA2 | D3: 1 | E3: 2 | F3: CR7, CR8 | G3: Instalación de software libre y propietario — práctica RA2 | H3: Práctica
A4: A003 | B4: UT2 | C4: RA2 | D4: 1 | E4: 14 | F4: CR1, CR2, CR3, CR4, CR5, CR6, CR10, CR11, CR12, CR13, CR14, CR16, CR17, CR19 | G4: Administración de software base — práctica RA2 | H4: Práctica
A5: A004 | B5: UT3 | C5: RA3 | D5: 2 | E5: 8 | F5: CR1, CR2, CR3, CR4, CR5, CR6, CR7, CR8 | G5: Administración y aseguramiento de la información — práctica RA3 | H5: Práctica
A6: A005 | B6: UT4 | C6: RA4 | D6: 2 | E6: 8 | F6: CR1, CR2, CR3, CR4, CR5, CR6, CR7, CR8 | G6: Gestión de dominios — práctica RA4 | H6: Práctica
A7: A006 | B7: UT5 | C7: RA5 | D7: 2 | E7: 7 | F7: CR1, CR2, CR3, CR4, CR5, CR6, CR7 | G7: Administración de acceso al dominio — práctica RA5 | H7: Práctica
A8: A007 | B8: UT6 | C8: RA6 | D8: 3 | E8: 10 | F8: CR1, CR2, CR3, CR4, CR5, CR6, CR7, CR8, CR9, CR10 | G8: Supervisión del rendimiento del sistema — práctica RA6 | H8: Práctica
A9: A008 | B9: UT7 | C9: RA7 | D9: 3 | E9: 9 | F9: CR1, CR2, CR3, CR4, CR5, CR6, CR7, CR8, CR9 | G9: Directivas de seguridad y auditorías — práctica RA7 | H9: Práctica
A10: A009 | B10: UT8 | C10: RA8 | D10: 3 | E10: 9 | F10: CR1, CR2, CR3, CR4, CR5, CR6, CR7, CR8, CR9 | G10: Resolución de incidencias y asistencia técnica — práctica RA8 | H10: Práctica
A11: EX1 | D11: 1 | E11: 0 | G11: Examen Evaluación 1 | H11: Examen
A12: EX2 | D12: 2 | E12: 0 | G12: Examen Evaluación 2 | H12: Examen
A13: EX3 | D13: 3 | E13: 0 | G13: Examen Evaluación 3 | H13: Examen

Sheet ISO · _Alumnos
A1: id_alumno | B1: apellidos | C1: nombre | D1: nia_expediente | E1: fecha_nacimiento | F1: email | G1: telefono | H1: observaciones | I1: estado
A2: 1 | B2: =IFERROR('ISO · Alumnos'!C10,"") -> 0 | C2: =IFERROR('ISO · Alumnos'!D10,"") -> 0 | D2: =IFERROR('ISO · Alumnos'!E10,"") -> 0 | E2: =IFERROR('ISO · Alumnos'!F10,"") -> 0 | F2: =IFERROR('ISO · Alumnos'!G10,"") -> 0 | G2: =IFERROR('ISO · Alumnos'!H10,"") -> 0 | H2: =IFERROR('ISO · Alumnos'!I10,"") -> 0 | I2: =IFERROR('ISO · Alumnos'!J10,"") -> Activo
A3: 2 | B3: =IFERROR('ISO · Alumnos'!C11,"") -> 0 | C3: =IFERROR('ISO · Alumnos'!D11,"") -> 0 | D3: =IFERROR('ISO · Alumnos'!E11,"") -> 0 | E3: =IFERROR('ISO · Alumnos'!F11,"") -> 0 | F3: =IFERROR('ISO · Alumnos'!G11,"") -> 0 | G3: =IFERROR('ISO · Alumnos'!H11,"") -> 0 | H3: =IFERROR('ISO · Alumnos'!I11,"") -> 0 | I3: =IFERROR('ISO · Alumnos'!J11,"") -> Activo
A4: 3 | B4: =IFERROR('ISO · Alumnos'!C12,"") -> 0 | C4: =IFERROR('ISO · Alumnos'!D12,"") -> 0 | D4: =IFERROR('ISO · Alumnos'!E12,"") -> 0 | E4: =IFERROR('ISO · Alumnos'!F12,"") -> 0 | F4: =IFERROR('ISO · Alumnos'!G12,"") -> 0 | G4: =IFERROR('ISO · Alumnos'!H12,"") -> 0 | H4: =IFERROR('ISO · Alumnos'!I12,"") -> 0 | I4: =IFERROR('ISO · Alumnos'!J12,"") -> Activo
A5: 4 | B5: =IFERROR('ISO · Alumnos'!C13,"") -> 0 | C5: =IFERROR('ISO · Alumnos'!D13,"") -> 0 | D5: =IFERROR('ISO · Alumnos'!E13,"") -> 0 | E5: =IFERROR('ISO · Alumnos'!F13,"") -> 0 | F5: =IFERROR('ISO · Alumnos'!G13,"") -> 0 | G5: =IFERROR('ISO · Alumnos'!H13,"") -> 0 | H5: =IFERROR('ISO · Alumnos'!I13,"") -> 0 | I5: =IFERROR('ISO · Alumnos'!J13,"") -> Activo
A6: 5 | B6: =IFERROR('ISO · Alumnos'!C14,"") -> 0 | C6: =IFERROR('ISO · Alumnos'!D14,"") -> 0 | D6: =IFERROR('ISO · Alumnos'!E14,"") -> 0 | E6: =IFERROR('ISO · Alumnos'!F14,"") -> 0 | F6: =IFERROR('ISO · Alumnos'!G14,"") -> 0 | G6: =IFERROR('ISO · Alumnos'!H14,"") -> 0 | H6: =IFERROR('ISO · Alumnos'!I14,"") -> 0 | I6: =IFERROR('ISO · Alumnos'!J14,"") -> Activo
A7: 6 | B7: =IFERROR('ISO · Alumnos'!C15,"") -> 0 | C7: =IFERROR('ISO · Alumnos'!D15,"") -> 0 | D7: =IFERROR('ISO · Alumnos'!E15,"") -> 0 | E7: =IFERROR('ISO · Alumnos'!F15,"") -> 0 | F7: =IFERROR('ISO · Alumnos'!G15,"") -> 0 | G7: =IFERROR('ISO · Alumnos'!H15,"") -> 0 | H7: =IFERROR('ISO · Alumnos'!I15,"") -> 0 | I7: =IFERROR('ISO · Alumnos'!J15,"") -> Activo
A8: 7 | B8: =IFERROR('ISO · Alumnos'!C16,"") -> 0 | C8: =IFERROR('ISO · Alumnos'!D16,"") -> 0 | D8: =IFERROR('ISO · Alumnos'!E16,"") -> 0 | E8: =IFERROR('ISO · Alumnos'!F16,"") -> 0 | F8: =IFERROR('ISO · Alumnos'!G16,"") -> 0 | G8: =IFERROR('ISO · Alumnos'!H16,"") -> 0 | H8: =IFERROR('ISO · Alumnos'!I16,"") -> 0 | I8: =IFERROR('ISO · Alumnos'!J16,"") -> Activo
A9: 8 | B9: =IFERROR('ISO · Alumnos'!C17,"") -> 0 | C9: =IFERROR('ISO · Alumnos'!D17,"") -> 0 | D9: =IFERROR('ISO · Alumnos'!E17,"") -> 0 | E9: =IFERROR('ISO · Alumnos'!F17,"") -> 0 | F9: =IFERROR('ISO · Alumnos'!G17,"") -> 0 | G9: =IFERROR('ISO · Alumnos'!H17,"") -> 0 | H9: =IFERROR('ISO · Alumnos'!I17,"") -> 0 | I9: =IFERROR('ISO · Alumnos'!J17,"") -> Activo
A10: 9 | B10: =IFERROR('ISO · Alumnos'!C18,"") -> 0 | C10: =IFERROR('ISO · Alumnos'!D18,"") -> 0 | D10: =IFERROR('ISO · Alumnos'!E18,"") -> 0 | E10: =IFERROR('ISO · Alumnos'!F18,"") -> 0 | F10: =IFERROR('ISO · Alumnos'!G18,"") -> 0 | G10: =IFERROR('ISO · Alumnos'!H18,"") -> 0 | H10: =IFERROR('ISO · Alumnos'!I18,"") -> 0 | I10: =IFERROR('ISO · Alumnos'!J18,"") -> Activo
A11: 10 | B11: =IFERROR('ISO · Alumnos'!C19,"") -> 0 | C11: =IFERROR('ISO · Alumnos'!D19,"") -> 0 | D11: =IFERROR('ISO · Alumnos'!E19,"") -> 0 | E11: =IFERROR('ISO · Alumnos'!F19,"") -> 0 | F11: =IFERROR('ISO · Alumnos'!G19,"") -> 0 | G11: =IFERROR('ISO · Alumnos'!H19,"") -> 0 | H11: =IFERROR('ISO · Alumnos'!I19,"") -> 0 | I11: =IFERROR('ISO · Alumnos'!J19,"") -> Activo
A12: 11 | B12: =IFERROR('ISO · Alumnos'!C20,"") -> 0 | C12: =IFERROR('ISO · Alumnos'!D20,"") -> 0 | D12: =IFERROR('ISO · Alumnos'!E20,"") -> 0 | E12: =IFERROR('ISO · Alumnos'!F20,"") -> 0 | F12: =IFERROR('ISO · Alumnos'!G20,"") -> 0 | G12: =IFERROR('ISO · Alumnos'!H20,"") -> 0 | H12: =IFERROR('ISO · Alumnos'!I20,"") -> 0 | I12: =IFERROR('ISO · Alumnos'!J20,"") -> Activo
A13: 12 | B13: =IFERROR('ISO · Alumnos'!C21,"") -> 0 | C13: =IFERROR('ISO · Alumnos'!D21,"") -> 0 | D13: =IFERROR('ISO · Alumnos'!E21,"") -> 0 | E13: =IFERROR('ISO · Alumnos'!F21,"") -> 0 | F13: =IFERROR('ISO · Alumnos'!G21,"") -> 0 | G13: =IFERROR('ISO · Alumnos'!H21,"") -> 0 | H13: =IFERROR('ISO · Alumnos'!I21,"") -> 0 | I13: =IFERROR('ISO · Alumnos'!J21,"") -> Activo
... A31: 30 | B31: =IFERROR('ISO · Alumnos'!C39,"") -> 0 | C31: =IFERROR('ISO · Alumnos'!D39,"") -> 0 | D31: =IFERROR('ISO · Alumnos'!E39,"") -> 0 | E31: =IFERROR('ISO · Alumnos'!F39,"") -> 0 | F31: =IFERROR('ISO · Alumnos'!G39,"") -> 0 | G31: =IFERROR('ISO · Alumnos'!H39,"") -> 0 | H31: =IFERROR('ISO · Alumnos'!I39,"") -> 0 | I31: =IFERROR('ISO · Alumnos'!J39,"") -> Activo

Sheet ISO · _Grupos
A1: id_grupo | B1: nombre_grupo | C1: modulo_codigo | D1: modulo_nombre | E1: curso_academico | F1: horas_semanales | G1: horas_totales | H1: profesor | I1: aula
A2: GR01 | B2: 1º ASIR — ISO | C2: 0369 | D2: Implantación de Sistemas Operativos | E2: 2026-2027 | F2: 6 | G2: 186 | H2: =IFERROR(Configuración!C11,"") -> Administración de Sistemas Informáticos en Red (ASIR)

Sheet ISO · _Notas_Actividades
A1: id_alumno | B1: id_actividad | C1: id_ut | D1: id_ra | E1: nota | F1: fecha_calificacion | G1: convocatoria | H1: observaciones
A2: ← Esta tabla se poblará automáticamente en Sprint 9 (Dashboard)

Sheet ISO · _Evaluaciones
A1: id_alumno | B1: evaluacion | C1: nota_eval | D1: resultado | E1: fecha_cierre | F1: observaciones
A2: 1 | B2: 1 | C2: =IFERROR('ISO · Evaluación 1'!H11,"") | D2: =IFERROR('ISO · Evaluación 1'!I11,"")
A3: 1 | B3: 2 | C3: =IFERROR('ISO · Evaluación 2'!J11,"") | D3: =IFERROR('ISO · Evaluación 2'!K11,"")
A4: 1 | B4: 3 | C4: =IFERROR('ISO · Evaluación 3'!J11,"") | D4: =IFERROR('ISO · Evaluación 3'!K11,"")
A5: 2 | B5: 1 | C5: =IFERROR('ISO · Evaluación 1'!H12,"") | D5: =IFERROR('ISO · Evaluación 1'!I12,"")
A6: 2 | B6: 2 | C6: =IFERROR('ISO · Evaluación 2'!J12,"") | D6: =IFERROR('ISO · Evaluación 2'!K12,"")
A7: 2 | B7: 3 | C7: =IFERROR('ISO · Evaluación 3'!J12,"") | D7: =IFERROR('ISO · Evaluación 3'!K12,"")
A8: 3 | B8: 1 | C8: =IFERROR('ISO · Evaluación 1'!H13,"") | D8: =IFERROR('ISO · Evaluación 1'!I13,"")
A9: 3 | B9: 2 | C9: =IFERROR('ISO · Evaluación 2'!J13,"") | D9: =IFERROR('ISO · Evaluación 2'!K13,"")
A10: 3 | B10: 3 | C10: =IFERROR('ISO · Evaluación 3'!J13,"") | D10: =IFERROR('ISO · Evaluación 3'!K13,"")
A11: 4 | B11: 1 | C11: =IFERROR('ISO · Evaluación 1'!H14,"") | D11: =IFERROR('ISO · Evaluación 1'!I14,"")
A12: 4 | B12: 2 | C12: =IFERROR('ISO · Evaluación 2'!J14,"") | D12: =IFERROR('ISO · Evaluación 2'!K14,"")
A13: 4 | B13: 3 | C13: =IFERROR('ISO · Evaluación 3'!J14,"") | D13: =IFERROR('ISO · Evaluación 3'!K14,"")
A14: 5 | B14: 1 | C14: =IFERROR('ISO · Evaluación 1'!H15,"") | D14: =IFERROR('ISO · Evaluación 1'!I15,"")
A15: 5 | B15: 2 | C15: =IFERROR('ISO · Evaluación 2'!J15,"") | D15: =IFERROR('ISO · Evaluación 2'!K15,"")
A16: 5 | B16: 3 | C16: =IFERROR('ISO · Evaluación 3'!J15,"") | D16: =IFERROR('ISO · Evaluación 3'!K15,"")
A17: 6 | B17: 1 | C17: =IFERROR('ISO · Evaluación 1'!H16,"") | D17: =IFERROR('ISO · Evaluación 1'!I16,"")
A18: 6 | B18: 2 | C18: =IFERROR('ISO · Evaluación 2'!J16,"") | D18: =IFERROR('ISO · Evaluación 2'!K16,"")
A19: 6 | B19: 3 | C19: =IFERROR('ISO · Evaluación 3'!J16,"") | D19: =IFERROR('ISO · Evaluación 3'!K16,"")
A20: 7 | B20: 1 | C20: =IFERROR('ISO · Evaluación 1'!H17,"") | D20: =IFERROR('ISO · Evaluación 1'!I17,"")
A21: 7 | B21: 2 | C21: =IFERROR('ISO · Evaluación 2'!J17,"") | D21: =IFERROR('ISO · Evaluación 2'!K17,"")
A22: 7 | B22: 3 | C22: =IFERROR('ISO · Evaluación 3'!J17,"") | D22: =IFERROR('ISO · Evaluación 3'!K17,"")
A23: 8 | B23: 1 | C23: =IFERROR('ISO · Evaluación 1'!H18,"") | D23: =IFERROR('ISO · Evaluación 1'!I18,"")
A24: 8 | B24: 2 | C24: =IFERROR('ISO · Evaluación 2'!J18,"") | D24: =IFERROR('ISO · Evaluación 2'!K18,"")
A25: 8 | B25: 3 | C25: =IFERROR('ISO · Evaluación 3'!J18,"") | D25: =IFERROR('ISO · Evaluación 3'!K18,"")
A26: 9 | B26: 1 | C26: =IFERROR('ISO · Evaluación 1'!H19,"") | D26: =IFERROR('ISO · Evaluación 1'!I19,"")
A27: 9 | B27: 2 | C27: =IFERROR('ISO · Evaluación 2'!J19,"") | D27: =IFERROR('ISO · Evaluación 2'!K19,"")
A28: 9 | B28: 3 | C28: =IFERROR('ISO · Evaluación 3'!J19,"") | D28: =IFERROR('ISO · Evaluación 3'!K19,"")
A29: 10 | B29: 1 | C29: =IFERROR('ISO · Evaluación 1'!H20,"") | D29: =IFERROR('ISO · Evaluación 1'!I20,"")
A30: 10 | B30: 2 | C30: =IFERROR('ISO · Evaluación 2'!J20,"") | D30: =IFERROR('ISO · Evaluación 2'!K20,"")
A31: 10 | B31: 3 | C31: =IFERROR('ISO · Evaluación 3'!J20,"") | D31: =IFERROR('ISO · Evaluación 3'!K20,"")
A32: 11 | B32: 1 | C32: =IFERROR('ISO · Evaluación 1'!H21,"") | D32: =IFERROR('ISO · Evaluación 1'!I21,"")
A33: 11 | B33: 2 | C33: =IFERROR('ISO · Evaluación 2'!J21,"") | D33: =IFERROR('ISO · Evaluación 2'!K21,"")
A34: 11 | B34: 3 | C34: =IFERROR('ISO · Evaluación 3'!J21,"") | D34: =IFERROR('ISO · Evaluación 3'!K21,"")
A35: 12 | B35: 1 | C35: =IFERROR('ISO · Evaluación 1'!H22,"") | D35: =IFERROR('ISO · Evaluación 1'!I22,"")
A36: 12 | B36: 2 | C36: =IFERROR('ISO · Evaluación 2'!J22,"") | D36: =IFERROR('ISO · Evaluación 2'!K22,"")
A37: 12 | B37: 3 | C37: =IFERROR('ISO · Evaluación 3'!J22,"") | D37: =IFERROR('ISO · Evaluación 3'!K22,"")
A38: 13 | B38: 1 | C38: =IFERROR('ISO · Evaluación 1'!H23,"") | D38: =IFERROR('ISO · Evaluación 1'!I23,"")
A39: 13 | B39: 2 | C39: =IFERROR('ISO · Evaluación 2'!J23,"") | D39: =IFERROR('ISO · Evaluación 2'!K23,"")
A40: 13 | B40: 3 | C40: =IFERROR('ISO · Evaluación 3'!J23,"") | D40: =IFERROR('ISO · Evaluación 3'!K23,"")
A41: 14 | B41: 1 | C41: =IFERROR('ISO · Evaluación 1'!H24,"") | D41: =IFERROR('ISO · Evaluación 1'!I24,"")
A42: 14 | B42: 2 | C42: =IFERROR('ISO · Evaluación 2'!J24,"") | D42: =IFERROR('ISO · Evaluación 2'!K24,"")
A43: 14 | B43: 3 | C43: =IFERROR('ISO · Evaluación 3'!J24,"") | D43: =IFERROR('ISO · Evaluación 3'!K24,"")
A44: 15 | B44: 1 | C44: =IFERROR('ISO · Evaluación 1'!H25,"") | D44: =IFERROR('ISO · Evaluación 1'!I25,"")
A45: 15 | B45: 2 | C45: =IFERROR('ISO · Evaluación 2'!J25,"") | D45: =IFERROR('ISO · Evaluación 2'!K25,"")
A46: 15 | B46: 3 | C46: =IFERROR('ISO · Evaluación 3'!J25,"") | D46: =IFERROR('ISO · Evaluación 3'!K25,"")
A47: 16 | B47: 1 | C47: =IFERROR('ISO · Evaluación 1'!H26,"") | D47: =IFERROR('ISO · Evaluación 1'!I26,"")
A48: 16 | B48: 2 | C48: =IFERROR('ISO · Evaluación 2'!J26,"") | D48: =IFERROR('ISO · Evaluación 2'!K26,"")
A49: 16 | B49: 3 | C49: =IFERROR('ISO · Evaluación 3'!J26,"") | D49: =IFERROR('ISO · Evaluación 3'!K26,"")
A50: 17 | B50: 1 | C50: =IFERROR('ISO · Evaluación 1'!H27,"") | D50: =IFERROR('ISO · Evaluación 1'!I27,"")
A51: 17 | B51: 2 | C51: =IFERROR('ISO · Evaluación 2'!J27,"") | D51: =IFERROR('ISO · Evaluación 2'!K27,"")
A52: 17 | B52: 3 | C52: =IFERROR('ISO · Evaluación 3'!J27,"") | D52: =IFERROR('ISO · Evaluación 3'!K27,"")
A53: 18 | B53: 1 | C53: =IFERROR('ISO · Evaluación 1'!H28,"") | D53: =IFERROR('ISO · Evaluación 1'!I28,"")
A54: 18 | B54: 2 | C54: =IFERROR('ISO · Evaluación 2'!J28,"") | D54: =IFERROR('ISO · Evaluación 2'!K28,"")
A55: 18 | B55: 3 | C55: =IFERROR('ISO · Evaluación 3'!J28,"") | D55: =IFERROR('ISO · Evaluación 3'!K28,"")
A56: 19 | B56: 1 | C56: =IFERROR('ISO · Evaluación 1'!H29,"") | D56: =IFERROR('ISO · Evaluación 1'!I29,"")
A57: 19 | B57: 2 | C57: =IFERROR('ISO · Evaluación 2'!J29,"") | D57: =IFERROR('ISO · Evaluación 2'!K29,"")
A58: 19 | B58: 3 | C58: =IFERROR('ISO · Evaluación 3'!J29,"") | D58: =IFERROR('ISO · Evaluación 3'!K29,"")
A59: 20 | B59: 1 | C59: =IFERROR('ISO · Evaluación 1'!H30,"") | D59: =IFERROR('ISO · Evaluación 1'!I30,"")
A60: 20 | B60: 2 | C60: =IFERROR('ISO · Evaluación 2'!J30,"") | D60: =IFERROR('ISO · Evaluación 2'!K30,"")
A61: 20 | B61: 3 | C61: =IFERROR('ISO · Evaluación 3'!J30,"") | D61: =IFERROR('ISO · Evaluación 3'!K30,"")
A62: 21 | B62: 1 | C62: =IFERROR('ISO · Evaluación 1'!H31,"") | D62: =IFERROR('ISO · Evaluación 1'!I31,"")
A63: 21 | B63: 2 | C63: =IFERROR('ISO · Evaluación 2'!J31,"") | D63: =IFERROR('ISO · Evaluación 2'!K31,"")
A64: 21 | B64: 3 | C64: =IFERROR('ISO · Evaluación 3'!J31,"") | D64: =IFERROR('ISO · Evaluación 3'!K31,"")
A65: 22 | B65: 1 | C65: =IFERROR('ISO · Evaluación 1'!H32,"") | D65: =IFERROR('ISO · Evaluación 1'!I32,"")
A66: 22 | B66: 2 | C66: =IFERROR('ISO · Evaluación 2'!J32,"") | D66: =IFERROR('ISO · Evaluación 2'!K32,"")
A67: 22 | B67: 3 | C67: =IFERROR('ISO · Evaluación 3'!J32,"") | D67: =IFERROR('ISO · Evaluación 3'!K32,"")
A68: 23 | B68: 1 | C68: =IFERROR('ISO · Evaluación 1'!H33,"") | D68: =IFERROR('ISO · Evaluación 1'!I33,"")
A69: 23 | B69: 2 | C69: =IFERROR('ISO · Evaluación 2'!J33,"") | D69: =IFERROR('ISO · Evaluación 2'!K33,"")
A70: 23 | B70: 3 | C70: =IFERROR('ISO · Evaluación 3'!J33,"") | D70: =IFERROR('ISO · Evaluación 3'!K33,"")
A71: 24 | B71: 1 | C71: =IFERROR('ISO · Evaluación 1'!H34,"") | D71: =IFERROR('ISO · Evaluación 1'!I34,"")
A72: 24 | B72: 2 | C72: =IFERROR('ISO · Evaluación 2'!J34,"") | D72: =IFERROR('ISO · Evaluación 2'!K34,"")
A73: 24 | B73: 3 | C73: =IFERROR('ISO · Evaluación 3'!J34,"") | D73: =IFERROR('ISO · Evaluación 3'!K34,"")
A74: 25 | B74: 1 | C74: =IFERROR('ISO · Evaluación 1'!H35,"") | D74: =IFERROR('ISO · Evaluación 1'!I35,"")
A75: 25 | B75: 2 | C75: =IFERROR('ISO · Evaluación 2'!J35,"") | D75: =IFERROR('ISO · Evaluación 2'!K35,"")
A76: 25 | B76: 3 | C76: =IFERROR('ISO · Evaluación 3'!J35,"") | D76: =IFERROR('ISO · Evaluación 3'!K35,"")
A77: 26 | B77: 1 | C77: =IFERROR('ISO · Evaluación 1'!H36,"") | D77: =IFERROR('ISO · Evaluación 1'!I36,"")
A78: 26 | B78: 2 | C78: =IFERROR('ISO · Evaluación 2'!J36,"") | D78: =IFERROR('ISO · Evaluación 2'!K36,"")
A79: 26 | B79: 3 | C79: =IFERROR('ISO · Evaluación 3'!J36,"") | D79: =IFERROR('ISO · Evaluación 3'!K36,"")
A80: 27 | B80: 1 | C80: =IFERROR('ISO · Evaluación 1'!H37,"") | D80: =IFERROR('ISO · Evaluación 1'!I37,"")
A81: 27 | B81: 2 | C81: =IFERROR('ISO · Evaluación 2'!J37,"") | D81: =IFERROR('ISO · Evaluación 2'!K37,"")
A82: 27 | B82: 3 | C82: =IFERROR('ISO · Evaluación 3'!J37,"") | D82: =IFERROR('ISO · Evaluación 3'!K37,"")
A83: 28 | B83: 1 | C83: =IFERROR('ISO · Evaluación 1'!H38,"") | D83: =IFERROR('ISO · Evaluación 1'!I38,"")
A84: 28 | B84: 2 | C84: =IFERROR('ISO · Evaluación 2'!J38,"") | D84: =IFERROR('ISO · Evaluación 2'!K38,"")
A85: 28 | B85: 3 | C85: =IFERROR('ISO · Evaluación 3'!J38,"") | D85: =IFERROR('ISO · Evaluación 3'!K38,"")
A86: 29 | B86: 1 | C86: =IFERROR('ISO · Evaluación 1'!H39,"") | D86: =IFERROR('ISO · Evaluación 1'!I39,"")
A87: 29 | B87: 2 | C87: =IFERROR('ISO · Evaluación 2'!J39,"") | D87: =IFERROR('ISO · Evaluación 2'!K39,"")
A88: 29 | B88: 3 | C88: =IFERROR('ISO · Evaluación 3'!J39,"") | D88: =IFERROR('ISO · Evaluación 3'!K39,"")
A89: 30 | B89: 1 | C89: =IFERROR('ISO · Evaluación 1'!H40,"") | D89: =IFERROR('ISO · Evaluación 1'!I40,"")
A90: 30 | B90: 2 | C90: =IFERROR('ISO · Evaluación 2'!J40,"") | D90: =IFERROR('ISO · Evaluación 2'!K40,"")
A91: 30 | B91: 3 | C91: =IFERROR('ISO · Evaluación 3'!J40,"") | D91: =IFERROR('ISO · Evaluación 3'!K40,"")

Sheet PAR · Programación
B2: 📋 Programación Didáctica — PAR 1º ASIR
B3: Distribución de RAs y CEs por Unidad de Trabajo · Planificación y Administración de Redes · 2026-2027
B5: =HYPERLINK("#Mis Módulos!A1","← Módulos") -> ← Módulos | C5: 📋 Programa | D5: =HYPERLINK("#PAR · Alumnos!A1","👥 Alumnos") -> 👥 Alumnos | E5: =HYPERLINK("#PAR · Actividades!A1","📝 Actividades") -> 📝 Actividades | F5: =HYPERLINK("#PAR · Reg. Notas!A1","📊 Reg. Notas") -> 📊 Reg. Notas | G5: =HYPERLINK("#PAR · Resumen!A1","📈 Resumen") -> 📈 Resumen | H5: =HYPERLINK("#PAR · Evaluación 1!A1","Eval 1") -> Eval 1 | I5: =HYPERLINK("#PAR · Evaluación 2!A1","Eval 2") -> Eval 2 | J5: =HYPERLINK("#PAR · Evaluación 3!A1","Eval 3") -> Eval 3 | K5: =HYPERLINK("#PAR · 1ªORD!A1","1ª ORD") -> 1ª ORD | L5: =HYPERLINK("#PAR · 2ªORD!A1","2ª ORD") -> 2ª ORD | M5: =HYPERLINK("#PAR · Rúbricas!A1","🎯 Rúbricas") -> 🎯 Rúbricas | N5: =HYPERLINK("#PAR · Informe Grupo!A1","📊 Inf.Grupo") -> 📊 Inf.Grupo | O5: =HYPERLINK("#PAR · Boletín!A1","📄 Boletín") -> 📄 Boletín | P5: =HYPERLINK("#PAR · Dashboard!A1","📊 Dashboard") -> 📊 Dashboard
B8: MAPA DE UNIDADES DE TRABAJO · RESULTADOS DE APRENDIZAJE · CRITERIOS DE EVALUACIÓN
B9: Eval. | C9: UT | D9: Unidad de Trabajo | E9: Horas | F9: % Total | G9: RA | H9: Criterios de Evaluación (CEs) | I9: N.º CEs | J9: % RA en UT | K9: Horas RA en UT | L9: % Pond. Global RA | M9: Instrumento(s) | N9: 📖 Apuntes
B10: EV1 | C10: UT1 | D10: Introducción a las redes locales | E10: 20 | F10: 12.9% | G10: RA1 | H10: CR1 CR2 CR3 CR4 CR5 CR6 | I10: 6 | J10: 100.0% | K10: 20 | L10: 15% | M10: 📝 Examen · 🔧 Práctica | N10: =HYPERLINK("../apuntes/04-FP/PAR/1-asir/introduccion-a-las-redes-locales/index.html","📖 Ver apunte") -> 📖 Ver apunte
B12: EV1 | C12: UT2 | D12: Dispositivos de red y medios de transmisión | E12: 22 | F12: 14.2% | G12: RA2 | H12: CR1 CR2 CR3 CR4 CR5 CR6 CR7 | I12: 7 | J12: 77.8% | K12: 17.1 | L12: 20% | M12: 📝 Examen · 🔧 Práctica | N12: =HYPERLINK("../apuntes/04-FP/PAR/1-asir/dispositivos-de-red-y-medios-de-transmision/index.html","📖 Ver apunte") -> 📖 Ver apunte
G13: RA1 | H13: CR7 CR8 | I13: 2 | J13: 22.2% | K13: 4.9 | L13: 15% | M13: 📝 Examen · 🔧 Práctica
B15: EV2 | C15: UT3 | D15: Configuración y administración de conmutadores | E15: 22 | F15: 14.2% | G15: RA3 | H15: CR1 CR2 CR3 CR4 CR5 CR6 CR7 CR8 | I15: 8 | J15: 100.0% | K15: 22 | L15: 20% | M15: 📝 Examen · 🔧 Práctica | N15: =HYPERLINK("../apuntes/04-FP/PAR/1-asir/configuracion-y-administracion-de-conmutadores/index.html","📖 Ver apunte") -> 📖 Ver apunte
B17: EV2 | C17: UT4 | D17: Configuración y administración de routers | E17: 28 | F17: 18.1% | G17: RA4 | H17: CR1 CR2 CR3 CR4 CR5 CR6 CR7 CR8 CR9 | I17: 9 | J17: 100.0% | K17: 28 | L17: 25% | M17: 📝 Examen · 🔧 Práctica | N17: =HYPERLINK("../apuntes/04-FP/PAR/1-asir/configuracion-y-administracion-de-routers/index.html","📖 Ver apunte") -> 📖 Ver apunte
B19: EV2 | C19: UT5 | D19: Configuración de redes inalámbricas | E19: 20 | F19: 12.9% | G19: RA5 | H19: CR1 CR2 CR3 CR4 CR5 CR6 | I19: 6 | J19: 85.7% | K19: 17.1 | L19: 10% | M19: 🔧 Práctica | N19: =HYPERLINK("../apuntes/04-FP/PAR/1-asir/configuracion-de-redes-inalambricas/index.html","📖 Ver apunte") -> 📖 Ver apunte
G20: RA4 | H20: CR10 | I20: 1 | J20: 14.3% | K20: 2.9 | L20: 25% | M20: 📝 Examen · 🔧 Práctica
B22: EV3 | C22: UT6 | D22: Introducción a las redes WAN y servicios de red | E22: 22 | F22: 14.2% | G22: RA4 | H22: CR11 CR12 | I22: 2 | J22: 100.0% | K22: 22 | L22: 25% | M22: 📝 Examen · 🔧 Práctica | N22: =HYPERLINK("../apuntes/04-FP/PAR/1-asir/introduccion-a-las-redes-wan-y-servicios-de-red/index.html","📖 Ver apunte") -> 📖 Ver apunte
B24: EV3 | C24: UT7 | D24: Resolución de incidencias de red | E24: 21 | F24: 13.5% | G24: 🏢 RA6 | H24: CR1 CR2 CR3 CR4 CR5 CR6 CR7 | I24: 7 | J24: 100.0% | K24: 21 | L24: 10% | M24: 🏢 Empresa | N24: =HYPERLINK("../apuntes/04-FP/PAR/1-asir/resolucion-de-incidencias-de-red/index.html","📖 Ver apunte") -> 📖 Ver apunte
B27: RESUMEN DE RESULTADOS DE APRENDIZAJE — PONDERACIÓN TOTAL DEL MÓDULO
B28: Eval. | C28: RA | D28: Resultado de Aprendizaje | E28: Total CEs | F28: Horas equiv. | G28: Ponderación % | H28: Instrumento(s)
B29: EV1 | C29: RA1 | D29: Reconoce la estructura de las redes de datos describiendo sus elementos y funcionamiento. | E29: 8 | F29: 24.9 h | G29: 15% | H29: 📝 Examen · 🔧 Práctica
B30: EV1 | C30: RA2 | D30: Integra ordenadores y periféricos en redes cableadas e inalámbricas, evaluando su funcionamiento y prestaciones. | E30: 7 | F30: 17.1 h | G30: 20% | H30: 📝 Examen · 🔧 Práctica
B31: EV2 | C31: RA3 | D31: Administra conmutadores estableciendo opciones de configuración para su integración en la red. | E31: 8 | F31: 22.0 h | G31: 20% | H31: 📝 Examen · 🔧 Práctica
B32: EV2 | C32: RA4 | D32: Administra las funciones de un router estableciendo opciones de configuración para su integración en la red. | E32: 12 | F32: 52.9 h | G32: 25% | H32: 📝 Examen · 🔧 Práctica
B33: EV2 | C33: RA5 | D33: Configura redes inalámbricas en modo infraestructura describiendo sus características y relacionándolas con su área de aplicación. | E33: 6 | F33: 17.1 h | G33: 10% | H33: 🔧 Práctica
B34: EV3 | C34: 🏢 RA6 | D34: Soluciona problemas de conectividad en redes locales y en redes con salida a Internet identificando las causas y describiendo las soluciones. | E34: 7 | F34: 21.0 h | G34: 10% | H34: 🏢 Empresa
B35: TOTAL — 6 Resultados de Aprendizaje | E35: 48 | F35: 155 h | G35: 100%
B37: 🏢 EVALUACIÓN DUAL — Justificación
B38: RA6 — Resolución de problemas de red — se evalúa en modalidad DUAL de acuerdo con el artículo 42 de la Ley Orgánica 3/2022. El alumno/a resuelve incidencias reales en el entorno laboral bajo supervisión del tutor/a de empresa. Peso en nota final: 10%.
B39: Peso del RA dual en la nota final: 10% = 0.1 puntos sobre 1 | Evaluador: Tutor/a de empresa | Base legal: Ley Orgánica 3/2022, art. 42

Sheet PAR · Alumnos
B2: 👥 Lista de Alumnos
B3: Registro de alumnado del grupo — datos académicos y de contacto
B5: =HYPERLINK("#Mis Módulos!A1","← Módulos") -> ← Módulos | C5: =HYPERLINK("#PAR · Programación!A1","📋 Programa") -> 📋 Programa | D5: 👥 Alumnos | E5: =HYPERLINK("#PAR · Actividades!A1","📝 Actividades") -> 📝 Actividades | F5: =HYPERLINK("#PAR · Reg. Notas!A1","📊 Reg. Notas") -> 📊 Reg. Notas | G5: =HYPERLINK("#PAR · Resumen!A1","📈 Resumen") -> 📈 Resumen | H5: =HYPERLINK("#PAR · Evaluación 1!A1","Eval 1") -> Eval 1 | I5: =HYPERLINK("#PAR · Evaluación 2!A1","Eval 2") -> Eval 2 | J5: =HYPERLINK("#PAR · Evaluación 3!A1","Eval 3") -> Eval 3 | K5: =HYPERLINK("#PAR · 1ªORD!A1","1ª ORD") -> 1ª ORD | L5: =HYPERLINK("#PAR · 2ªORD!A1","2ª ORD") -> 2ª ORD | M5: =HYPERLINK("#PAR · Rúbricas!A1","🎯 Rúbricas") -> 🎯 Rúbricas | N5: =HYPERLINK("#PAR · Informe Grupo!A1","📊 Inf.Grupo") -> 📊 Inf.Grupo | O5: =HYPERLINK("#PAR · Boletín!A1","📄 Boletín") -> 📄 Boletín | P5: =HYPERLINK("#PAR · Dashboard!A1","📊 Dashboard") -> 📊 Dashboard
B8: Total activos: | C8: =COUNTIF(J9:J38,"Activo") -> 29 | D8: Bajas: | E8: =COUNTIF(J9:J38,"Baja") -> 0 | F8: Pendientes: | G8: =COUNTIF(J9:J38,"Pendiente") -> 0
B9: Nº | C9: Apellidos | D9: Nombre | E9: NIA / Exp. | F9: Fecha nacim. | G9: Email | H9: Teléfono contacto | I9: Observaciones | J9: Estado
B10: 1 | J10: Activo
B11: 2 | J11: Activo
B12: 3 | J12: Activo
B13: 4 | J13: Activo
B14: 5 | J14: Activo
B15: 6 | J15: Activo
B16: 7 | J16: Activo
B17: 8 | J17: Activo
B18: 9 | J18: Activo
B19: 10 | J19: Activo
B20: 11 | J20: Activo
B21: 12 | J21: Activo
... B39: 30 | J39: Activo

Sheet PAR · Actividades
B2: 📝 Actividades Evaluables — PAR 1º ASIR
B3: Prácticas y exámenes vinculados a RAs y CEs · Planificación y Administración de Redes · 2026-2027
B5: =HYPERLINK("#Mis Módulos!A1","← Módulos") -> ← Módulos | C5: =HYPERLINK("#PAR · Programación!A1","📋 Programa") -> 📋 Programa | D5: =HYPERLINK("#PAR · Alumnos!A1","👥 Alumnos") -> 👥 Alumnos | E5: 📝 Actividades | F5: =HYPERLINK("#PAR · Reg. Notas!A1","📊 Reg. Notas") -> 📊 Reg. Notas | G5: =HYPERLINK("#PAR · Resumen!A1","📈 Resumen") -> 📈 Resumen | H5: =HYPERLINK("#PAR · Evaluación 1!A1","Eval 1") -> Eval 1 | I5: =HYPERLINK("#PAR · Evaluación 2!A1","Eval 2") -> Eval 2 | J5: =HYPERLINK("#PAR · Evaluación 3!A1","Eval 3") -> Eval 3 | K5: =HYPERLINK("#PAR · 1ªORD!A1","1ª ORD") -> 1ª ORD | L5: =HYPERLINK("#PAR · 2ªORD!A1","2ª ORD") -> 2ª ORD | M5: =HYPERLINK("#PAR · Rúbricas!A1","🎯 Rúbricas") -> 🎯 Rúbricas | N5: =HYPERLINK("#PAR · Informe Grupo!A1","📊 Inf.Grupo") -> 📊 Inf.Grupo | O5: =HYPERLINK("#PAR · Boletín!A1","📄 Boletín") -> 📄 Boletín | P5: =HYPERLINK("#PAR · Dashboard!A1","📊 Dashboard") -> 📊 Dashboard
B8: ℹ️ Las actividades prácticas se han generado automáticamente desde la Programación. Ajusta la descripción, el tipo y el peso según tu planificación.
B9: ID | C9: Eval. | D9: UT | E9: RA | F9: CEs vinculados | G9: Descripción de la actividad | H9: Instrumento | I9: Tipo | J9: Peso (%) | K9: Nota máx.
B10: A001 | C10: EV1 | D10: UT1 | E10: RA1 | F10: CR1 CR2 CR3 CR4 CR5 CR6 | G10: Introducción a las redes locales — práctica RA1 | H10: 🔧 Práctica | I10: Individual | K10: 10
B11: A002 | C11: EV1 | D11: UT2 | E11: RA2 | F11: CR1 CR2 CR3 CR4 CR5 CR6 CR7 | G11: Dispositivos de red y medios de transmisión — práctica RA2 | H11: 🔧 Práctica | I11: Individual | K11: 10
B12: A003 | C12: EV1 | D12: UT2 | E12: RA1 | F12: CR7 CR8 | G12: Dispositivos de red y medios de transmisión — práctica RA1 | H12: 🔧 Práctica | I12: Individual | K12: 10
B13: A004 | C13: EV2 | D13: UT3 | E13: RA3 | F13: CR1 CR2 CR3 CR4 CR5 CR6 CR7 CR8 | G13: Configuración y administración de conmutadores — práctica RA3 | H13: 🔧 Práctica | I13: Individual | K13: 10
B14: A005 | C14: EV2 | D14: UT4 | E14: RA4 | F14: CR1 CR2 CR3 CR4 CR5 CR6 CR7 CR8 … (+1) | G14: Configuración y administración de routers — práctica RA4 | H14: 🔧 Práctica | I14: Individual | K14: 10
B15: A006 | C15: EV2 | D15: UT5 | E15: RA5 | F15: CR1 CR2 CR3 CR4 CR5 CR6 | G15: Configuración de redes inalámbricas — práctica RA5 | H15: 🔧 Práctica | I15: Individual | K15: 10
B16: A007 | C16: EV2 | D16: UT5 | E16: RA4 | F16: CR10 | G16: Configuración de redes inalámbricas — práctica RA4 | H16: 🔧 Práctica | I16: Individual | K16: 10
B17: A008 | C17: EV3 | D17: UT7 | E17: RA6 | F17: CR1 CR2 CR3 CR4 CR5 CR6 CR7 | G17: Resolución de incidencias de red — práctica RA6 | H17: 🔧 Práctica | I17: Individual | K17: 10
B19: EX1 | C19: EV1 | D19: UT1+UT2 | E19: RA1+RA2 | F19: Todos los CEs de la evaluación | G19: Examen teórico-práctico Evaluación 1 | H19: 📝 Examen | I19: Individual | K19: 10
B20: EX2 | C20: EV2 | D20: UT3+UT4+UT5 | E20: RA3+RA4+RA5 | F20: Todos los CEs de la evaluación | G20: Examen teórico-práctico Evaluación 2 | H20: 📝 Examen | I20: Individual | K20: 10
B21: EX3 | C21: EV3 | D21: UT6+UT7 | E21: RA6 | F21: Todos los CEs de la evaluación | G21: Examen teórico-práctico Evaluación 3 | H21: 📝 Examen | I21: Individual | K21: 10
B23: 💡 Peso (%): indica el porcentaje de la nota de prácticas que pondera esta actividad para cada RA. Los exámenes tienen su propio peso (configurable en Configuración → Peso examen). La suma de pesos de prácticas por RA debería ser 100%.

Sheet PAR · Reg. Notas
B2: 📊 Registro de Notas
B3: Calificaciones por alumno/a · Actividades, Exámenes y RAs · PAR 1º ASIR · 2026-2027
B5: =HYPERLINK("#Mis Módulos!A1","← Módulos") -> ← Módulos | C5: =HYPERLINK("#PAR · Programación!A1","📋 Programa") -> 📋 Programa | D5: =HYPERLINK("#PAR · Alumnos!A1","👥 Alumnos") -> 👥 Alumnos | E5: =HYPERLINK("#PAR · Actividades!A1","📝 Actividades") -> 📝 Actividades | F5: 📊 Reg. Notas | G5: =HYPERLINK("#PAR · Resumen!A1","📈 Resumen") -> 📈 Resumen | H5: =HYPERLINK("#PAR · Evaluación 1!A1","Eval 1") -> Eval 1 | I5: =HYPERLINK("#PAR · Evaluación 2!A1","Eval 2") -> Eval 2 | J5: =HYPERLINK("#PAR · Evaluación 3!A1","Eval 3") -> Eval 3 | K5: =HYPERLINK("#PAR · 1ªORD!A1","1ª ORD") -> 1ª ORD | L5: =HYPERLINK("#PAR · 2ªORD!A1","2ª ORD") -> 2ª ORD | M5: =HYPERLINK("#PAR · Rúbricas!A1","🎯 Rúbricas") -> 🎯 Rúbricas | N5: =HYPERLINK("#PAR · Informe Grupo!A1","📊 Inf.Grupo") -> 📊 Inf.Grupo | O5: =HYPERLINK("#PAR · Boletín!A1","📄 Boletín") -> 📄 Boletín | P5: =HYPERLINK("#PAR · Dashboard!A1","📊 Dashboard") -> 📊 Dashboard
B8: ℹ️ Introduzca las calificaciones de actividades (prácticas) y exámenes. Nota RA = % examen + % prácticas (configurables en la hoja Configuración). Las columnas de RAs y la nota final se calculan automáticamente.
D9: ACTIVIDADES (PRÁCTICAS) | L9: EXÁMENES (TEORÍA) | O9: NOTA RA (75% EX + 25% ACT) | U9: FINAL
B10: Nº | C10: Apellidos y Nombre | D10: A001 | E10: A002 | F10: A003 | G10: A004 | H10: A005 | I10: A006 | J10: A007 | K10: A008 | L10: EX1 | M10: EX2 | N10: EX3 | O10: RA1 | P10: RA2 | Q10: RA3 | R10: RA4 | S10: RA5 | T10: RA6 | U10: NOTA FINAL
B11: 1 | C11: =IFERROR('PAR · Alumnos'!C10&IF('PAR · Alumnos'!D10<>"",", "&'PAR · Alumnos'!D10,""),"") | O11: =IFERROR(ROUND(PESO_EXAMEN*L11+PESO_PRACTICA*AVERAGE(D11,F11),2),"") | P11: =IFERROR(ROUND(PESO_EXAMEN*L11+PESO_PRACTICA*AVERAGE(E11),2),"") | Q11: =IFERROR(ROUND(PESO_EXAMEN*M11+PESO_PRACTICA*AVERAGE(G11),2),"") | R11: =IFERROR(ROUND(PESO_EXAMEN*M11+PESO_PRACTICA*AVERAGE(H11,J11),2),"") | S11: =IFERROR(ROUND(PESO_EXAMEN*M11+PESO_PRACTICA*AVERAGE(I11),2),"") | T11: =IFERROR(ROUND(PESO_EXAMEN*N11+PESO_PRACTICA*AVERAGE(K11),2),"") | U11: =IFERROR(ROUND(O11*0.15+P11*0.2+Q11*0.2+R11*0.25+S11*0.1+T11*0.1,2),"")
B12: 2 | C12: =IFERROR('PAR · Alumnos'!C11&IF('PAR · Alumnos'!D11<>"",", "&'PAR · Alumnos'!D11,""),"") | O12: =IFERROR(ROUND(PESO_EXAMEN*L12+PESO_PRACTICA*AVERAGE(D12,F12),2),"") | P12: =IFERROR(ROUND(PESO_EXAMEN*L12+PESO_PRACTICA*AVERAGE(E12),2),"") | Q12: =IFERROR(ROUND(PESO_EXAMEN*M12+PESO_PRACTICA*AVERAGE(G12),2),"") | R12: =IFERROR(ROUND(PESO_EXAMEN*M12+PESO_PRACTICA*AVERAGE(H12,J12),2),"") | S12: =IFERROR(ROUND(PESO_EXAMEN*M12+PESO_PRACTICA*AVERAGE(I12),2),"") | T12: =IFERROR(ROUND(PESO_EXAMEN*N12+PESO_PRACTICA*AVERAGE(K12),2),"") | U12: =IFERROR(ROUND(O12*0.15+P12*0.2+Q12*0.2+R12*0.25+S12*0.1+T12*0.1,2),"")
B13: 3 | C13: =IFERROR('PAR · Alumnos'!C12&IF('PAR · Alumnos'!D12<>"",", "&'PAR · Alumnos'!D12,""),"") | O13: =IFERROR(ROUND(PESO_EXAMEN*L13+PESO_PRACTICA*AVERAGE(D13,F13),2),"") | P13: =IFERROR(ROUND(PESO_EXAMEN*L13+PESO_PRACTICA*AVERAGE(E13),2),"") | Q13: =IFERROR(ROUND(PESO_EXAMEN*M13+PESO_PRACTICA*AVERAGE(G13),2),"") | R13: =IFERROR(ROUND(PESO_EXAMEN*M13+PESO_PRACTICA*AVERAGE(H13,J13),2),"") | S13: =IFERROR(ROUND(PESO_EXAMEN*M13+PESO_PRACTICA*AVERAGE(I13),2),"") | T13: =IFERROR(ROUND(PESO_EXAMEN*N13+PESO_PRACTICA*AVERAGE(K13),2),"") | U13: =IFERROR(ROUND(O13*0.15+P13*0.2+Q13*0.2+R13*0.25+S13*0.1+T13*0.1,2),"")
B14: 4 | C14: =IFERROR('PAR · Alumnos'!C13&IF('PAR · Alumnos'!D13<>"",", "&'PAR · Alumnos'!D13,""),"") | O14: =IFERROR(ROUND(PESO_EXAMEN*L14+PESO_PRACTICA*AVERAGE(D14,F14),2),"") | P14: =IFERROR(ROUND(PESO_EXAMEN*L14+PESO_PRACTICA*AVERAGE(E14),2),"") | Q14: =IFERROR(ROUND(PESO_EXAMEN*M14+PESO_PRACTICA*AVERAGE(G14),2),"") | R14: =IFERROR(ROUND(PESO_EXAMEN*M14+PESO_PRACTICA*AVERAGE(H14,J14),2),"") | S14: =IFERROR(ROUND(PESO_EXAMEN*M14+PESO_PRACTICA*AVERAGE(I14),2),"") | T14: =IFERROR(ROUND(PESO_EXAMEN*N14+PESO_PRACTICA*AVERAGE(K14),2),"") | U14: =IFERROR(ROUND(O14*0.15+P14*0.2+Q14*0.2+R14*0.25+S14*0.1+T14*0.1,2),"")
B15: 5 | C15: =IFERROR('PAR · Alumnos'!C14&IF('PAR · Alumnos'!D14<>"",", "&'PAR · Alumnos'!D14,""),"") | O15: =IFERROR(ROUND(PESO_EXAMEN*L15+PESO_PRACTICA*AVERAGE(D15,F15),2),"") | P15: =IFERROR(ROUND(PESO_EXAMEN*L15+PESO_PRACTICA*AVERAGE(E15),2),"") | Q15: =IFERROR(ROUND(PESO_EXAMEN*M15+PESO_PRACTICA*AVERAGE(G15),2),"") | R15: =IFERROR(ROUND(PESO_EXAMEN*M15+PESO_PRACTICA*AVERAGE(H15,J15),2),"") | S15: =IFERROR(ROUND(PESO_EXAMEN*M15+PESO_PRACTICA*AVERAGE(I15),2),"") | T15: =IFERROR(ROUND(PESO_EXAMEN*N15+PESO_PRACTICA*AVERAGE(K15),2),"") | U15: =IFERROR(ROUND(O15*0.15+P15*0.2+Q15*0.2+R15*0.25+S15*0.1+T15*0.1,2),"")
B16: 6 | C16: =IFERROR('PAR · Alumnos'!C15&IF('PAR · Alumnos'!D15<>"",", "&'PAR · Alumnos'!D15,""),"") | O16: =IFERROR(ROUND(PESO_EXAMEN*L16+PESO_PRACTICA*AVERAGE(D16,F16),2),"") | P16: =IFERROR(ROUND(PESO_EXAMEN*L16+PESO_PRACTICA*AVERAGE(E16),2),"") | Q16: =IFERROR(ROUND(PESO_EXAMEN*M16+PESO_PRACTICA*AVERAGE(G16),2),"") | R16: =IFERROR(ROUND(PESO_EXAMEN*M16+PESO_PRACTICA*AVERAGE(H16,J16),2),"") | S16: =IFERROR(ROUND(PESO_EXAMEN*M16+PESO_PRACTICA*AVERAGE(I16),2),"") | T16: =IFERROR(ROUND(PESO_EXAMEN*N16+PESO_PRACTICA*AVERAGE(K16),2),"") | U16: =IFERROR(ROUND(O16*0.15+P16*0.2+Q16*0.2+R16*0.25+S16*0.1+T16*0.1,2),"")
B17: 7 | C17: =IFERROR('PAR · Alumnos'!C16&IF('PAR · Alumnos'!D16<>"",", "&'PAR · Alumnos'!D16,""),"") | O17: =IFERROR(ROUND(PESO_EXAMEN*L17+PESO_PRACTICA*AVERAGE(D17,F17),2),"") | P17: =IFERROR(ROUND(PESO_EXAMEN*L17+PESO_PRACTICA*AVERAGE(E17),2),"") | Q17: =IFERROR(ROUND(PESO_EXAMEN*M17+PESO_PRACTICA*AVERAGE(G17),2),"") | R17: =IFERROR(ROUND(PESO_EXAMEN*M17+PESO_PRACTICA*AVERAGE(H17,J17),2),"") | S17: =IFERROR(ROUND(PESO_EXAMEN*M17+PESO_PRACTICA*AVERAGE(I17),2),"") | T17: =IFERROR(ROUND(PESO_EXAMEN*N17+PESO_PRACTICA*AVERAGE(K17),2),"") | U17: =IFERROR(ROUND(O17*0.15+P17*0.2+Q17*0.2+R17*0.25+S17*0.1+T17*0.1,2),"")
B18: 8 | C18: =IFERROR('PAR · Alumnos'!C17&IF('PAR · Alumnos'!D17<>"",", "&'PAR · Alumnos'!D17,""),"") | O18: =IFERROR(ROUND(PESO_EXAMEN*L18+PESO_PRACTICA*AVERAGE(D18,F18),2),"") | P18: =IFERROR(ROUND(PESO_EXAMEN*L18+PESO_PRACTICA*AVERAGE(E18),2),"") | Q18: =IFERROR(ROUND(PESO_EXAMEN*M18+PESO_PRACTICA*AVERAGE(G18),2),"") | R18: =IFERROR(ROUND(PESO_EXAMEN*M18+PESO_PRACTICA*AVERAGE(H18,J18),2),"") | S18: =IFERROR(ROUND(PESO_EXAMEN*M18+PESO_PRACTICA*AVERAGE(I18),2),"") | T18: =IFERROR(ROUND(PESO_EXAMEN*N18+PESO_PRACTICA*AVERAGE(K18),2),"") | U18: =IFERROR(ROUND(O18*0.15+P18*0.2+Q18*0.2+R18*0.25+S18*0.1+T18*0.1,2),"")
B19: 9 | C19: =IFERROR('PAR · Alumnos'!C18&IF('PAR · Alumnos'!D18<>"",", "&'PAR · Alumnos'!D18,""),"") | O19: =IFERROR(ROUND(PESO_EXAMEN*L19+PESO_PRACTICA*AVERAGE(D19,F19),2),"") | P19: =IFERROR(ROUND(PESO_EXAMEN*L19+PESO_PRACTICA*AVERAGE(E19),2),"") | Q19: =IFERROR(ROUND(PESO_EXAMEN*M19+PESO_PRACTICA*AVERAGE(G19),2),"") | R19: =IFERROR(ROUND(PESO_EXAMEN*M19+PESO_PRACTICA*AVERAGE(H19,J19),2),"") | S19: =IFERROR(ROUND(PESO_EXAMEN*M19+PESO_PRACTICA*AVERAGE(I19),2),"") | T19: =IFERROR(ROUND(PESO_EXAMEN*N19+PESO_PRACTICA*AVERAGE(K19),2),"") | U19: =IFERROR(ROUND(O19*0.15+P19*0.2+Q19*0.2+R19*0.25+S19*0.1+T19*0.1,2),"")
B20: 10 | C20: =IFERROR('PAR · Alumnos'!C19&IF('PAR · Alumnos'!D19<>"",", "&'PAR · Alumnos'!D19,""),"") | O20: =IFERROR(ROUND(PESO_EXAMEN*L20+PESO_PRACTICA*AVERAGE(D20,F20),2),"") | P20: =IFERROR(ROUND(PESO_EXAMEN*L20+PESO_PRACTICA*AVERAGE(E20),2),"") | Q20: =IFERROR(ROUND(PESO_EXAMEN*M20+PESO_PRACTICA*AVERAGE(G20),2),"") | R20: =IFERROR(ROUND(PESO_EXAMEN*M20+PESO_PRACTICA*AVERAGE(H20,J20),2),"") | S20: =IFERROR(ROUND(PESO_EXAMEN*M20+PESO_PRACTICA*AVERAGE(I20),2),"") | T20: =IFERROR(ROUND(PESO_EXAMEN*N20+PESO_PRACTICA*AVERAGE(K20),2),"") | U20: =IFERROR(ROUND(O20*0.15+P20*0.2+Q20*0.2+R20*0.25+S20*0.1+T20*0.1,2),"")
B21: 11 | C21: =IFERROR('PAR · Alumnos'!C20&IF('PAR · Alumnos'!D20<>"",", "&'PAR · Alumnos'!D20,""),"") | O21: =IFERROR(ROUND(PESO_EXAMEN*L21+PESO_PRACTICA*AVERAGE(D21,F21),2),"") | P21: =IFERROR(ROUND(PESO_EXAMEN*L21+PESO_PRACTICA*AVERAGE(E21),2),"") | Q21: =IFERROR(ROUND(PESO_EXAMEN*M21+PESO_PRACTICA*AVERAGE(G21),2),"") | R21: =IFERROR(ROUND(PESO_EXAMEN*M21+PESO_PRACTICA*AVERAGE(H21,J21),2),"") | S21: =IFERROR(ROUND(PESO_EXAMEN*M21+PESO_PRACTICA*AVERAGE(I21),2),"") | T21: =IFERROR(ROUND(PESO_EXAMEN*N21+PESO_PRACTICA*AVERAGE(K21),2),"") | U21: =IFERROR(ROUND(O21*0.15+P21*0.2+Q21*0.2+R21*0.25+S21*0.1+T21*0.1,2),"")
B22: 12 | C22: =IFERROR('PAR · Alumnos'!C21&IF('PAR · Alumnos'!D21<>"",", "&'PAR · Alumnos'!D21,""),"") | O22: =IFERROR(ROUND(PESO_EXAMEN*L22+PESO_PRACTICA*AVERAGE(D22,F22),2),"") | P22: =IFERROR(ROUND(PESO_EXAMEN*L22+PESO_PRACTICA*AVERAGE(E22),2),"") | Q22: =IFERROR(ROUND(PESO_EXAMEN*M22+PESO_PRACTICA*AVERAGE(G22),2),"") | R22: =IFERROR(ROUND(PESO_EXAMEN*M22+PESO_PRACTICA*AVERAGE(H22,J22),2),"") | S22: =IFERROR(ROUND(PESO_EXAMEN*M22+PESO_PRACTICA*AVERAGE(I22),2),"") | T22: =IFERROR(ROUND(PESO_EXAMEN*N22+PESO_PRACTICA*AVERAGE(K22),2),"") | U22: =IFERROR(ROUND(O22*0.15+P22*0.2+Q22*0.2+R22*0.25+S22*0.1+T22*0.1,2),"")
... B40: 30 | C40: =IFERROR('PAR · Alumnos'!C39&IF('PAR · Alumnos'!D39<>"",", "&'PAR · Alumnos'!D39,""),"") | O40: =IFERROR(ROUND(PESO_EXAMEN*L40+PESO_PRACTICA*AVERAGE(D40,F40),2),"") | P40: =IFERROR(ROUND(PESO_EXAMEN*L40+PESO_PRACTICA*AVERAGE(E40),2),"") | Q40: =IFERROR(ROUND(PESO_EXAMEN*M40+PESO_PRACTICA*AVERAGE(G40),2),"") | R40: =IFERROR(ROUND(PESO_EXAMEN*M40+PESO_PRACTICA*AVERAGE(H40,J40),2),"") | S40: =IFERROR(ROUND(PESO_EXAMEN*M40+PESO_PRACTICA*AVERAGE(I40),2),"") | T40: =IFERROR(ROUND(PESO_EXAMEN*N40+PESO_PRACTICA*AVERAGE(K40),2),"") | U40: =IFERROR(ROUND(O40*0.15+P40*0.2+Q40*0.2+R40*0.25+S40*0.1+T40*0.1,2),"")

Sheet PAR · Resumen
B2: 📈 Resumen y Dashboard
B3: Vista general del grupo · Estadísticas y KPIs · PAR 1º ASIR · 2026-2027
B5: =HYPERLINK("#Mis Módulos!A1","← Módulos") -> ← Módulos | C5: =HYPERLINK("#PAR · Programación!A1","📋 Programa") -> 📋 Programa | D5: =HYPERLINK("#PAR · Alumnos!A1","👥 Alumnos") -> 👥 Alumnos | E5: =HYPERLINK("#PAR · Actividades!A1","📝 Actividades") -> 📝 Actividades | F5: =HYPERLINK("#PAR · Reg. Notas!A1","📊 Reg. Notas") -> 📊 Reg. Notas | G5: 📈 Resumen | H5: =HYPERLINK("#PAR · Evaluación 1!A1","Eval 1") -> Eval 1 | I5: =HYPERLINK("#PAR · Evaluación 2!A1","Eval 2") -> Eval 2 | J5: =HYPERLINK("#PAR · Evaluación 3!A1","Eval 3") -> Eval 3 | K5: =HYPERLINK("#PAR · 1ªORD!A1","1ª ORD") -> 1ª ORD | L5: =HYPERLINK("#PAR · 2ªORD!A1","2ª ORD") -> 2ª ORD | M5: =HYPERLINK("#PAR · Rúbricas!A1","🎯 Rúbricas") -> 🎯 Rúbricas | N5: =HYPERLINK("#PAR · Informe Grupo!A1","📊 Inf.Grupo") -> 📊 Inf.Grupo | O5: =HYPERLINK("#PAR · Boletín!A1","📄 Boletín") -> 📄 Boletín | P5: =HYPERLINK("#PAR · Dashboard!A1","📊 Dashboard") -> 📊 Dashboard
B8: 🚧 Este panel se completará con datos de Reg. Notas en Sprint 9 (Dashboard).
B10: 📊 Alumnos registrados
B11: ✅ Aprobados (≥5) | C11: —
B12: ❌ Suspensos (<5) | C12: —
B13: 📈 Media del grupo | C13: —
B14: ⚠️ En riesgo (<4) | C14: —

Sheet PAR · Evaluación 1
B2: 📝 Evaluación 1 · UT1, UT2
B3: RAs evaluados: RA1 42.9% · RA2 57.1% (pesos normalizados al 100% de esta evaluación)
B5: =HYPERLINK("#Mis Módulos!A1","← Módulos") -> ← Módulos | C5: =HYPERLINK("#PAR · Programación!A1","📋 Programa") -> 📋 Programa | D5: =HYPERLINK("#PAR · Alumnos!A1","👥 Alumnos") -> 👥 Alumnos | E5: =HYPERLINK("#PAR · Actividades!A1","📝 Actividades") -> 📝 Actividades | F5: =HYPERLINK("#PAR · Reg. Notas!A1","📊 Reg. Notas") -> 📊 Reg. Notas | G5: =HYPERLINK("#PAR · Resumen!A1","📈 Resumen") -> 📈 Resumen | H5: Eval 1 | I5: =HYPERLINK("#PAR · Evaluación 2!A1","Eval 2") -> Eval 2 | J5: =HYPERLINK("#PAR · Evaluación 3!A1","Eval 3") -> Eval 3 | K5: =HYPERLINK("#PAR · 1ªORD!A1","1ª ORD") -> 1ª ORD | L5: =HYPERLINK("#PAR · 2ªORD!A1","2ª ORD") -> 2ª ORD | M5: =HYPERLINK("#PAR · Rúbricas!A1","🎯 Rúbricas") -> 🎯 Rúbricas | N5: =HYPERLINK("#PAR · Informe Grupo!A1","📊 Inf.Grupo") -> 📊 Inf.Grupo | O5: =HYPERLINK("#PAR · Boletín!A1","📄 Boletín") -> 📄 Boletín | P5: =HYPERLINK("#PAR · Dashboard!A1","📊 Dashboard") -> 📊 Dashboard
F8: RA1: 15% global → 42.9% en Eval 1 | G8: RA2: 20% global → 57.1% en Eval 1
B10: Nº | C10: Apellidos y Nombre | D10: UT1 (20h) | E10: UT2 (22h) | F10: RA1 (42.9%) | G10: RA2 (57.1%) | H10: NOTA EVAL | I10: Resultado
B11: 1 | C11: =IFERROR('PAR · Alumnos'!C10&IF('PAR · Alumnos'!D10<>"",", "&'PAR · Alumnos'!D10,""),"") | F11: =IFERROR('PAR · Reg. Notas'!O11,"") | G11: =IFERROR('PAR · Reg. Notas'!P11,"") | H11: =IFERROR(ROUND(F11*0.428571+G11*0.571429,2),"") | I11: =IF(H11="","",IF(H11>=5,"APTO","NO APTO"))
B12: 2 | C12: =IFERROR('PAR · Alumnos'!C11&IF('PAR · Alumnos'!D11<>"",", "&'PAR · Alumnos'!D11,""),"") | F12: =IFERROR('PAR · Reg. Notas'!O12,"") | G12: =IFERROR('PAR · Reg. Notas'!P12,"") | H12: =IFERROR(ROUND(F12*0.428571+G12*0.571429,2),"") | I12: =IF(H12="","",IF(H12>=5,"APTO","NO APTO"))
B13: 3 | C13: =IFERROR('PAR · Alumnos'!C12&IF('PAR · Alumnos'!D12<>"",", "&'PAR · Alumnos'!D12,""),"") | F13: =IFERROR('PAR · Reg. Notas'!O13,"") | G13: =IFERROR('PAR · Reg. Notas'!P13,"") | H13: =IFERROR(ROUND(F13*0.428571+G13*0.571429,2),"") | I13: =IF(H13="","",IF(H13>=5,"APTO","NO APTO"))
B14: 4 | C14: =IFERROR('PAR · Alumnos'!C13&IF('PAR · Alumnos'!D13<>"",", "&'PAR · Alumnos'!D13,""),"") | F14: =IFERROR('PAR · Reg. Notas'!O14,"") | G14: =IFERROR('PAR · Reg. Notas'!P14,"") | H14: =IFERROR(ROUND(F14*0.428571+G14*0.571429,2),"") | I14: =IF(H14="","",IF(H14>=5,"APTO","NO APTO"))
B15: 5 | C15: =IFERROR('PAR · Alumnos'!C14&IF('PAR · Alumnos'!D14<>"",", "&'PAR · Alumnos'!D14,""),"") | F15: =IFERROR('PAR · Reg. Notas'!O15,"") | G15: =IFERROR('PAR · Reg. Notas'!P15,"") | H15: =IFERROR(ROUND(F15*0.428571+G15*0.571429,2),"") | I15: =IF(H15="","",IF(H15>=5,"APTO","NO APTO"))
B16: 6 | C16: =IFERROR('PAR · Alumnos'!C15&IF('PAR · Alumnos'!D15<>"",", "&'PAR · Alumnos'!D15,""),"") | F16: =IFERROR('PAR · Reg. Notas'!O16,"") | G16: =IFERROR('PAR · Reg. Notas'!P16,"") | H16: =IFERROR(ROUND(F16*0.428571+G16*0.571429,2),"") | I16: =IF(H16="","",IF(H16>=5,"APTO","NO APTO"))
B17: 7 | C17: =IFERROR('PAR · Alumnos'!C16&IF('PAR · Alumnos'!D16<>"",", "&'PAR · Alumnos'!D16,""),"") | F17: =IFERROR('PAR · Reg. Notas'!O17,"") | G17: =IFERROR('PAR · Reg. Notas'!P17,"") | H17: =IFERROR(ROUND(F17*0.428571+G17*0.571429,2),"") | I17: =IF(H17="","",IF(H17>=5,"APTO","NO APTO"))
B18: 8 | C18: =IFERROR('PAR · Alumnos'!C17&IF('PAR · Alumnos'!D17<>"",", "&'PAR · Alumnos'!D17,""),"") | F18: =IFERROR('PAR · Reg. Notas'!O18,"") | G18: =IFERROR('PAR · Reg. Notas'!P18,"") | H18: =IFERROR(ROUND(F18*0.428571+G18*0.571429,2),"") | I18: =IF(H18="","",IF(H18>=5,"APTO","NO APTO"))
B19: 9 | C19: =IFERROR('PAR · Alumnos'!C18&IF('PAR · Alumnos'!D18<>"",", "&'PAR · Alumnos'!D18,""),"") | F19: =IFERROR('PAR · Reg. Notas'!O19,"") | G19: =IFERROR('PAR · Reg. Notas'!P19,"") | H19: =IFERROR(ROUND(F19*0.428571+G19*0.571429,2),"") | I19: =IF(H19="","",IF(H19>=5,"APTO","NO APTO"))
B20: 10 | C20: =IFERROR('PAR · Alumnos'!C19&IF('PAR · Alumnos'!D19<>"",", "&'PAR · Alumnos'!D19,""),"") | F20: =IFERROR('PAR · Reg. Notas'!O20,"") | G20: =IFERROR('PAR · Reg. Notas'!P20,"") | H20: =IFERROR(ROUND(F20*0.428571+G20*0.571429,2),"") | I20: =IF(H20="","",IF(H20>=5,"APTO","NO APTO"))
B21: 11 | C21: =IFERROR('PAR · Alumnos'!C20&IF('PAR · Alumnos'!D20<>"",", "&'PAR · Alumnos'!D20,""),"") | F21: =IFERROR('PAR · Reg. Notas'!O21,"") | G21: =IFERROR('PAR · Reg. Notas'!P21,"") | H21: =IFERROR(ROUND(F21*0.428571+G21*0.571429,2),"") | I21: =IF(H21="","",IF(H21>=5,"APTO","NO APTO"))
B22: 12 | C22: =IFERROR('PAR · Alumnos'!C21&IF('PAR · Alumnos'!D21<>"",", "&'PAR · Alumnos'!D21,""),"") | F22: =IFERROR('PAR · Reg. Notas'!O22,"") | G22: =IFERROR('PAR · Reg. Notas'!P22,"") | H22: =IFERROR(ROUND(F22*0.428571+G22*0.571429,2),"") | I22: =IF(H22="","",IF(H22>=5,"APTO","NO APTO"))
... B40: 30 | C40: =IFERROR('PAR · Alumnos'!C39&IF('PAR · Alumnos'!D39<>"",", "&'PAR · Alumnos'!D39,""),"") | F40: =IFERROR('PAR · Reg. Notas'!O40,"") | G40: =IFERROR('PAR · Reg. Notas'!P40,"") | H40: =IFERROR(ROUND(F40*0.428571+G40*0.571429,2),"") | I40: =IF(H40="","",IF(H40>=5,"APTO","NO APTO"))

Sheet PAR · Evaluación 2
B2: 📝 Evaluación 2 · UT3, UT4, UT5
B3: RAs evaluados: RA3 36.4% · RA4 45.5% · RA5 18.2% (pesos normalizados al 100% de esta evaluación)
B5: =HYPERLINK("#Mis Módulos!A1","← Módulos") -> ← Módulos | C5: =HYPERLINK("#PAR · Programación!A1","📋 Programa") -> 📋 Programa | D5: =HYPERLINK("#PAR · Alumnos!A1","👥 Alumnos") -> 👥 Alumnos | E5: =HYPERLINK("#PAR · Actividades!A1","📝 Actividades") -> 📝 Actividades | F5: =HYPERLINK("#PAR · Reg. Notas!A1","📊 Reg. Notas") -> 📊 Reg. Notas | G5: =HYPERLINK("#PAR · Resumen!A1","📈 Resumen") -> 📈 Resumen | H5: =HYPERLINK("#PAR · Evaluación 1!A1","Eval 1") -> Eval 1 | I5: Eval 2 | J5: =HYPERLINK("#PAR · Evaluación 3!A1","Eval 3") -> Eval 3 | K5: =HYPERLINK("#PAR · 1ªORD!A1","1ª ORD") -> 1ª ORD | L5: =HYPERLINK("#PAR · 2ªORD!A1","2ª ORD") -> 2ª ORD | M5: =HYPERLINK("#PAR · Rúbricas!A1","🎯 Rúbricas") -> 🎯 Rúbricas | N5: =HYPERLINK("#PAR · Informe Grupo!A1","📊 Inf.Grupo") -> 📊 Inf.Grupo | O5: =HYPERLINK("#PAR · Boletín!A1","📄 Boletín") -> 📄 Boletín | P5: =HYPERLINK("#PAR · Dashboard!A1","📊 Dashboard") -> 📊 Dashboard
G8: RA3: 20% global → 36.4% en Eval 2 | H8: RA4: 25% global → 45.5% en Eval 2 | I8: RA5: 10% global → 18.2% en Eval 2
B10: Nº | C10: Apellidos y Nombre | D10: UT3 (22h) | E10: UT4 (28h) | F10: UT5 (20h) | G10: RA3 (36.4%) | H10: RA4 (45.5%) | I10: RA5 (18.2%) | J10: NOTA EVAL | K10: Resultado
B11: 1 | C11: =IFERROR('PAR · Alumnos'!C10&IF('PAR · Alumnos'!D10<>"",", "&'PAR · Alumnos'!D10,""),"") | G11: =IFERROR('PAR · Reg. Notas'!Q11,"") | H11: =IFERROR('PAR · Reg. Notas'!R11,"") | I11: =IFERROR('PAR · Reg. Notas'!S11,"") | J11: =IFERROR(ROUND(G11*0.363636+H11*0.454545+I11*0.181818,2),"") | K11: =IF(J11="","",IF(J11>=5,"APTO","NO APTO"))
